userId,movieId,rating
1,110,1.0
1,147,4.5
1,858,5.0
1,1246,5.0
1,1968,4.0
1,2959,4.0
1,4226,4.0
2,5,3.0
2,25,3.0
2,58,3.0
2,64,4.0
2,79,4.0
2,141,3.0
2,260,4.0
2,339,5.0
2,377,4.0
2,605,4.0
2,628,4.0
2,648,4.0
2,762,3.0
2,780,3.0
2,786,1.0
2,788,1.0
2,1552,2.0
3,480,3.0
3,500,2.0
3,527,4.0
3,858,4.0
3,1092,3.0
3,1968,3.0
3,3101,3.0
3,4474,3.0
4,223,4.0
4,415,4.0
4,648,4.0
4,1422,4.0
4,1597,3.0
4,1645,4.0
4,1909,4.0
4,1911,4.0
4,2023,5.0
4,2355,4.0
4,3114,5.0
4,4226,3.0
5,157,2.0
5,296,4.0
5,541,5.0
5,858,5.0
5,1254,5.0
5,1945,5.0
5,2163,2.0
5,3079,5.0
5,3114,4.0
6,11,3.0
6,2565,4.0
7,293,5.0
7,318,4.0
7,2959,4.5
7,8961,2.5
8,170,3.0
8,318,5.0
8,553,4.0
8,585,2.0
8,647,4.0
8,653,4.0
8,832,2.0
8,912,4.0
8,968,4.0
8,1265,3.0
8,1266,5.0
8,1499,3.0
8,1626,3.0
8,1653,2.0
8,1792,1.0
8,1965,3.0
8,1968,3.0
8,2019,5.0
8,2022,3.0
8,2110,2.0
8,2300,2.0
8,2313,3.0
8,2334,3.0
8,2469,3.0
8,3036,3.0
8,3082,3.0
8,3175,5.0
8,4291,2.0
8,4638,3.0
8,4643,2.0
8,4787,2.0
8,4954,3.0
8,5125,2.0
9,150,4.0
9,342,5.0
9,497,4.0
9,594,3.0
9,1059,5.0
9,1246,4.5
9,1262,4.0
9,1391,2.5
9,1653,4.5
9,2321,4.0
9,2355,4.5
9,2395,4.5
9,2640,2.0
9,3114,4.5
9,4226,4.0
9,5902,3.5
9,5991,4.5
10,150,4.0
10,153,3.0
10,165,4.0
10,296,5.0
10,344,4.0
10,380,5.0
10,457,4.0
10,588,5.0
10,590,3.0
10,592,4.0
10,593,4.0
10,595,5.0
11,110,3.5
11,165,3.5
11,231,2.5
11,260,3.0
11,296,4.0
11,318,4.5
11,344,3.0
11,364,3.0
11,457,3.5
11,480,3.5
11,500,4.0
11,527,4.5
11,593,4.0
11,1073,4.0
11,1089,3.5
11,1265,2.5
11,1370,3.5
11,1573,3.5
11,1721,4.0
11,1923,4.0
11,2028,4.0
11,2054,2.5
11,2959,2.5
11,3513,3.5
11,4226,2.5
11,4995,4.0
11,7347,3.5
11,8665,4.0
11,37653,3.0
11,47518,3.0
11,49530,3.5
11,50601,2.5
11,51540,4.0
11,56339,3.5
12,16,4.0
12,17,4.0
12,73,2.0
12,82,4.0
12,97,4.0
12,123,5.0
12,150,5.0
12,155,1.0
12,157,1.0
12,160,1.0
12,162,4.0
12,175,5.0
12,176,4.0
12,194,5.0
12,198,1.0
12,223,5.0
12,232,4.0
12,235,5.0
12,246,5.0
12,247,5.0
12,260,5.0
12,290,5.0
12,293,4.0
12,296,5.0
12,301,2.0
12,307,5.0
12,309,4.0
12,318,4.0
12,322,5.0
12,334,3.0
12,348,4.0
12,363,4.0
12,441,4.0
12,457,3.0
12,475,3.0
12,492,4.0
12,497,4.0
12,501,5.0
12,527,5.0
12,535,4.0
12,541,4.0
12,549,5.0
12,568,3.0
12,581,5.0
12,590,4.0
12,593,4.0
12,595,3.0
12,608,5.0
12,759,5.0
12,778,5.0
12,800,5.0
12,858,4.0
12,866,3.0
12,903,5.0
12,912,5.0
12,916,4.0
12,926,4.0
12,940,3.0
12,953,4.0
12,994,5.0
12,1023,5.0
12,1059,4.0
12,1089,5.0
12,1213,4.0
12,1245,4.0
12,1246,5.0
12,1273,5.0
12,1279,5.0
12,1280,5.0
12,1394,5.0
12,1499,1.0
12,1537,5.0
12,1552,1.0
12,1584,3.0
12,1587,1.0
12,1610,4.0
12,1635,4.0
12,1639,5.0
12,1641,3.0
12,1643,4.0
12,1648,5.0
12,1672,2.0
12,1678,5.0
12,1683,4.0
12,1701,3.0
12,1721,2.0
12,1730,4.0
12,1883,4.0
12,1892,1.0
12,1923,2.0
12,1954,2.0
12,1957,4.0
12,1961,3.0
12,2020,5.0
12,2028,5.0
12,2064,4.0
12,2108,4.0
12,2144,2.0
12,2252,3.0
12,2266,1.0
12,2268,3.0
12,2291,4.0
12,2294,2.0
12,2312,4.0
12,2355,4.0
12,2657,5.0
12,2791,1.0
12,2841,3.0
12,3079,4.0
13,1911,2.0
13,1965,3.5
13,2116,4.5
13,6957,3.0
14,293,2.0
14,318,2.5
14,2959,3.0
15,6,4.0
15,107,3.5
15,260,1.5
15,293,5.0
15,296,4.5
15,348,1.5
15,441,3.0
15,531,2.5
15,541,4.5
15,599,5.0
15,608,5.0
15,745,4.0
15,778,4.5
15,838,0.5
15,1093,1.5
15,1249,3.5
15,1262,4.0
15,1265,5.0
15,1272,5.0
15,1278,5.0
15,1378,1.0
15,1394,5.0
15,1396,1.0
15,1408,5.0
15,1580,3.5
15,1610,4.5
15,1954,4.0
15,2028,4.0
15,2108,1.0
15,2300,3.5
15,2502,5.0
15,2728,3.0
15,2959,4.0
15,3112,3.5
15,4011,4.0
15,4327,4.0
15,6947,5.0
15,7090,3.0
15,7445,4.0
15,7980,4.0
15,8665,3.5
15,8874,5.0
15,8961,5.0
15,49530,3.5
16,111,5.0
16,198,4.5
16,260,3.5
16,296,5.0
16,318,5.0
16,380,4.0
16,480,4.5
16,541,5.0
16,593,4.5
16,968,4.5
16,1089,5.0
16,1255,4.5
16,1580,4.5
16,1653,5.0
16,1690,4.0
16,2105,5.0
16,2288,5.0
16,2662,4.5
16,2791,5.0
16,2959,5.0
16,3033,4.0
16,4011,4.5
16,4226,4.5
16,4553,5.0
16,4995,5.0
16,6537,3.5
16,7984,4.5
16,85414,4.0
17,593,4.0
17,597,5.0
17,1089,4.0
17,2109,4.0
17,4226,4.0
17,4247,3.0
18,81,5.0
18,912,5.0
19,1125,2.0
19,2108,1.5
19,2109,2.0
20,150,4.0
20,161,4.0
20,216,3.5
20,260,4.0
20,296,4.5
20,344,4.0
20,345,4.5
20,364,3.0
20,480,4.0
20,551,4.5
20,588,5.0
20,595,3.5
20,780,3.0
20,858,4.5
20,912,5.0
20,919,4.0
20,920,5.0
20,936,3.5
20,946,4.5
20,1265,4.0
20,1422,2.5
20,1485,4.0
20,1573,3.0
20,1580,4.0
20,1588,4.0
20,1688,4.0
20,1701,4.0
20,1907,4.0
20,2124,5.0
20,2291,4.0
20,2294,4.5
20,2355,4.0
20,2617,4.0
20,2657,4.5
20,2687,3.0
20,2959,4.0
20,3033,4.0
20,3034,4.0
20,3114,4.5
20,3176,3.5
20,4728,4.0
20,5902,3.5
20,5971,4.0
20,6283,4.0
20,6440,4.0
21,1645,5.0
21,2687,5.0
21,4643,4.5
22,110,5.0
22,163,4.0
22,172,0.5
22,260,4.0
22,342,3.0
22,457,3.5
22,466,1.0
22,1396,4.0
22,1485,3.0
22,1610,5.0
22,2054,2.5
22,2268,4.5
22,2502,0.5
22,2640,2.0
22,2657,1.5
22,3114,1.5
23,527,4.0
23,1956,4.0
23,2028,4.0
23,2116,3.0
24,6,4.0
24,16,3.0
24,17,3.0
24,25,3.0
24,58,5.0
24,62,2.0
24,73,3.0
24,101,5.0
24,104,3.0
24,110,5.0
24,111,5.0
24,147,4.0
24,162,4.0
24,164,3.0
24,175,4.0
24,176,3.0
24,194,4.0
24,198,2.0
24,232,3.0
24,233,3.0
24,235,3.0
24,246,4.0
24,260,5.0
24,261,3.0
24,266,4.0
24,293,4.0
24,296,5.0
24,300,4.0
24,307,4.0
24,318,5.0
24,319,4.0
24,322,4.0
24,377,4.0
24,388,3.0
24,431,3.0
24,440,2.0
24,441,5.0
24,454,3.0
24,457,4.0
24,480,4.0
24,482,4.0
24,497,3.0
24,507,5.0
24,508,3.0
24,524,2.0
24,527,5.0
24,541,4.0
24,550,2.0
24,553,4.0
24,562,4.0
24,574,4.0
24,587,3.0
24,588,4.0
24,590,3.0
24,592,4.0
24,593,5.0
24,595,4.0
24,597,3.0
24,608,5.0
24,648,3.0
24,714,5.0
24,778,5.0
24,788,4.0
24,832,3.0
24,838,3.0
24,858,5.0
24,994,4.0
24,1073,3.0
24,1088,2.0
24,1089,5.0
24,1090,5.0
24,1091,4.0
24,1125,4.0
24,1213,5.0
24,1245,4.0
24,1246,4.0
24,1247,5.0
24,1249,4.0
24,1257,5.0
24,1259,5.0
24,1265,4.0
24,1266,4.0
24,1268,4.0
24,1271,3.0
24,1272,4.0
24,1370,4.0
24,1375,3.0
24,1378,4.0
24,1381,1.0
24,1389,3.0
24,1394,5.0
24,1408,3.0
24,1441,3.0
24,1542,4.0
24,1580,3.0
24,1587,3.0
24,1594,4.0
24,1600,4.0
24,1610,4.0
24,1619,2.0
24,1649,5.0
24,1653,4.0
24,1721,3.0
24,1729,4.0
24,1735,4.0
24,1777,2.0
24,1894,2.0
24,1895,2.0
24,1921,5.0
24,1923,4.0
24,1947,3.0
24,1954,4.0
24,1956,3.0
24,1958,3.0
24,1961,5.0
24,1968,4.0
24,1969,2.0
24,1970,2.0
24,1977,2.0
24,1978,2.0
24,1979,2.0
24,1985,2.0
24,1989,2.0
24,1995,2.0
24,1996,2.0
24,2000,4.0
24,2001,3.0
24,2005,4.0
24,2011,4.0
24,2028,5.0
24,2054,3.0
24,2058,4.0
24,2064,5.0
24,2100,3.0
24,2105,3.0
24,2108,3.0
24,2109,4.0
24,2122,2.0
24,2144,4.0
24,2161,3.0
24,2253,3.0
24,2259,3.0
24,2268,4.0
24,2289,4.0
24,2291,4.0
24,2294,3.0
24,2295,4.0
24,2320,3.0
24,2321,4.0
24,2355,3.0
24,2383,2.0
24,2395,5.0
24,2457,4.0
24,2469,2.0
24,2517,3.0
24,2539,2.0
24,2640,4.0
24,2642,3.0
24,2657,4.0
24,2671,3.0
24,2687,4.0
24,2749,4.0
24,2758,2.0
24,2770,3.0
24,2771,2.0
24,2791,4.0
24,2926,2.0
24,2928,4.0
24,2959,4.0
24,2990,3.0
24,3019,5.0
24,3033,4.0
24,3040,4.0
24,3087,2.0
24,3101,4.0
24,3114,4.0
24,3175,3.0
24,3177,3.0
24,3489,3.0
24,3512,3.0
24,3543,3.0
24,3635,3.0
24,3682,4.0
24,3683,5.0
24,4031,3.0
24,4104,2.0
25,19,2.0
25,95,3.0
25,150,3.0
25,153,4.0
25,160,3.0
25,161,3.0
25,231,3.0
25,296,4.0
25,318,5.0
25,339,3.0
25,344,3.0
25,457,3.0
25,480,3.0
25,539,3.0
25,553,3.0
25,586,3.0
25,587,4.0
25,588,4.0
25,590,4.0
25,592,3.0
25,593,4.0
25,597,4.0
26,1923,4.0
26,1977,4.0
27,69,3.0
27,111,4.5
27,175,2.5
27,260,5.0
27,318,4.0
27,457,4.0
27,541,4.5
27,588,1.5
27,590,3.5
27,593,4.5
27,608,4.5
27,858,5.0
27,912,5.0
27,919,4.5
27,1089,3.0
27,1103,5.0
27,1213,4.0
27,1259,4.0
27,1267,4.0
27,1441,2.5
27,1653,3.0
27,1968,3.5
27,1997,4.5
27,2291,3.0
27,2502,4.0
27,2640,4.0
27,2791,5.0
27,2959,0.5
27,3087,3.0
27,3088,5.0
27,5353,4.5
27,8874,3.5
28,260,4.5
28,318,4.5
28,527,4.5
28,858,4.5
28,2959,4.0
28,4226,4.0
28,8866,3.0
28,43930,2.5
29,17,4.0
29,110,3.0
29,236,1.0
29,296,3.0
29,342,2.0
29,454,4.0
29,506,5.0
29,527,4.0
29,778,4.0
29,914,4.0
29,934,2.0
29,1051,2.0
29,1247,5.0
29,1265,4.0
29,1267,5.0
29,1688,3.0
29,2134,2.0
30,24,3.0
30,110,5.0
30,111,3.0
30,235,4.0
30,260,5.0
30,296,4.0
30,318,5.0
30,379,4.0
30,405,5.0
30,480,5.0
30,497,3.0
30,527,5.0
30,541,4.0
30,593,5.0
30,608,4.0
30,707,3.0
30,780,4.0
30,788,4.0
30,848,5.0
30,858,5.0
30,923,5.0
30,1093,3.0
30,1250,5.0
30,1265,4.0
30,1573,3.0
30,1580,4.0
30,1721,5.0
30,2028,5.0
30,2266,3.0
30,2355,3.0
30,2502,3.0
30,2539,4.0
30,2567,4.0
30,2605,4.0
30,2690,3.0
30,2959,4.0
30,3114,5.0
31,2018,5.0
31,2294,3.0
32,260,5.0
32,527,2.5
32,586,5.0
32,597,1.5
32,2011,5.0
32,2028,4.0
32,3082,2.5
33,19,3.0
33,110,3.0
33,150,4.0
33,153,5.0
33,161,4.0
33,165,5.0
33,185,3.0
33,231,5.0
33,235,5.0
33,246,4.0
33,253,5.0
33,288,3.0
33,296,3.0
33,300,4.0
33,306,5.0
33,307,5.0
33,318,5.0
33,329,5.0
33,344,3.0
33,364,5.0
33,377,5.0
33,380,3.0
33,454,3.0
33,457,3.0
33,466,5.0
33,480,5.0
33,588,5.0
33,592,4.0
33,595,4.0
33,780,5.0
34,6,4.0
34,16,5.0
34,110,5.0
34,111,4.5
34,150,3.5
34,153,2.5
34,161,4.0
34,165,2.5
34,172,4.0
34,173,2.5
34,231,3.0
34,253,4.0
34,260,5.0
34,288,5.0
34,293,5.0
34,296,5.0
34,318,4.0
34,329,2.5
34,344,3.5
34,364,1.5
34,377,3.0
34,527,5.0
34,541,5.0
34,593,5.0
34,608,4.0
34,648,3.0
34,778,4.0
34,780,5.0
34,858,3.0
34,912,1.0
34,1089,5.0
34,1090,3.5
34,1213,5.0
34,1247,3.0
34,1250,5.0
34,1262,5.0
34,1265,4.5
34,1266,4.0
34,1374,4.0
34,1391,2.5
34,1544,5.0
34,1552,2.0
34,1580,3.5
34,1641,3.0
34,1721,2.0
34,1729,5.0
34,1954,4.0
34,1961,4.0
34,1968,1.0
34,1997,4.0
34,2000,4.0
34,2011,4.5
34,2028,4.0
34,2105,4.5
34,2288,5.0
34,2291,3.5
34,2728,4.0
34,2791,5.0
34,2959,5.0
34,4011,5.0
34,4226,5.0
34,4327,4.5
34,4995,3.0
34,8665,5.0
34,8874,4.5
34,8961,3.5
35,342,3.0
35,551,5.0
35,910,3.5
35,1088,3.0
35,1089,4.0
35,1092,3.0
35,1396,4.5
35,1921,4.0
35,1947,4.0
35,2019,4.0
35,2100,3.5
35,2105,4.0
35,2161,4.5
35,2291,4.0
36,116,1.0
36,170,4.0
36,902,2.0
36,920,2.0
37,150,4.0
37,231,2.5
37,260,3.5
37,296,4.0
37,318,4.0
37,364,3.5
37,457,3.0
37,500,2.5
37,527,4.0
37,541,3.5
37,587,1.0
37,588,2.5
37,592,4.0
37,593,3.5
37,597,2.5
37,778,4.5
37,780,3.0
37,838,3.0
37,858,5.0
37,910,4.0
37,912,4.0
37,914,3.0
37,919,4.5
37,922,4.0
37,955,5.0
37,1073,4.0
37,1213,5.0
37,1265,3.0
37,1272,4.5
37,1391,3.0
37,1580,3.5
37,1721,2.5
37,1907,2.5
37,1955,4.0
37,1961,4.0
37,1997,4.0
37,2028,3.5
37,2144,3.0
37,2959,3.5
37,3101,3.0
37,3114,4.0
37,3536,3.0
37,4148,2.5
37,4808,3.0
37,4995,4.0
37,6957,2.5
37,6963,4.0
38,1372,3.5
38,2153,3.5
39,318,1.5
40,5,4.0
40,14,2.0
40,62,4.0
40,95,3.0
40,260,4.0
40,608,3.0
40,628,4.0
40,648,3.0
40,653,3.0
40,708,4.0
40,780,5.0
40,786,3.0
40,802,4.0
40,805,5.0
41,293,4.5
41,296,4.5
41,364,4.5
41,587,4.0
41,588,5.0
41,594,3.5
41,595,5.0
41,902,4.0
41,1265,4.0
41,1544,3.5
41,1580,5.0
41,1721,4.0
41,1907,5.0
41,1923,5.0
41,2018,4.0
41,2144,4.0
41,2294,1.0
41,2355,2.5
41,2687,4.0
41,2959,5.0
41,3034,4.5
41,3114,3.5
41,5971,4.0
41,7451,5.0
41,8643,5.0
42,7445,4.0
43,104,3.5
43,150,3.0
43,153,3.5
43,158,3.5
43,216,4.0
43,231,3.5
43,260,3.5
43,262,3.5
43,277,3.0
43,344,3.5
43,364,3.5
43,435,3.0
43,441,5.0
43,455,3.0
43,480,3.0
43,500,3.0
43,524,2.5
43,539,3.5
43,551,3.0
43,585,2.5
43,586,3.5
43,588,3.5
43,592,3.0
43,593,3.0
43,595,3.0
43,596,1.5
43,648,3.0
43,673,3.0
43,780,3.5
43,783,2.0
43,788,4.0
43,801,2.5
43,902,4.5
43,919,3.0
43,1059,4.0
43,1073,3.5
43,1088,5.0
43,1246,3.0
43,1278,3.5
43,1282,2.5
43,1367,3.5
43,1381,3.0
43,1391,2.0
43,1485,2.5
43,1562,3.5
43,1580,3.5
43,1721,4.5
43,1777,2.0
43,1911,3.0
43,1947,3.5
43,1968,4.0
43,1997,4.0
43,2005,3.0
43,2014,2.5
43,2054,2.5
43,2085,2.0
43,2114,4.5
43,2124,2.5
43,2144,3.5
43,2291,3.5
43,2355,2.5
43,2501,4.0
43,2502,3.5
43,2657,3.0
43,2671,3.0
43,2798,2.5
43,2959,5.0
43,3082,3.5
43,3175,3.0
43,3489,3.0
43,3594,3.0
43,8366,3.5
43,8961,3.0
44,111,5.0
44,150,4.0
44,153,2.0
44,165,3.0
44,231,1.0
44,266,4.0
44,296,5.0
44,300,4.0
44,318,5.0
44,339,4.0
44,344,4.0
44,457,5.0
44,588,5.0
44,590,3.0
44,593,5.0
44,595,5.0
46,6,3.0
46,16,3.5
46,19,3.5
46,24,3.0
46,63,2.5
46,65,2.0
46,69,3.5
46,70,4.0
46,88,4.5
46,104,4.0
46,105,1.5
46,122,3.0
46,145,3.5
46,150,4.5
46,153,3.5
46,158,3.0
46,160,2.5
46,163,3.0
46,165,4.0
46,173,2.0
46,174,2.0
46,177,3.0
46,180,3.5
46,184,1.0
46,196,3.0
46,198,2.5
46,204,3.0
46,216,4.0
46,223,4.5
46,231,4.0
46,253,4.5
46,260,4.5
46,261,4.0
46,267,3.0
46,296,4.0
46,303,2.0
46,318,4.0
46,329,2.5
46,332,2.0
46,339,3.5
46,344,4.5
46,350,3.5
46,364,4.0
46,377,4.0
46,379,2.5
46,435,3.0
46,440,4.0
46,441,3.5
46,457,5.0
46,473,2.5
46,480,4.5
46,489,2.0
46,500,3.5
46,502,2.0
46,507,3.0
46,512,3.0
46,544,2.0
46,550,3.0
46,551,3.5
46,553,5.0
46,586,4.5
46,587,3.0
46,588,4.0
46,592,5.0
46,593,4.0
46,608,3.5
46,648,3.0
46,653,2.5
46,671,2.5
46,714,3.0
46,742,2.0
46,778,3.0
46,780,2.5
46,788,3.0
46,802,3.5
46,829,3.0
46,832,3.5
46,839,2.0
46,886,2.0
46,968,3.5
46,996,3.5
46,1049,3.0
46,1089,4.0
46,1091,1.5
46,1259,4.0
46,1265,5.0
46,1266,5.0
46,1278,4.0
46,1370,2.0
46,1378,3.0
46,1391,3.5
46,1407,4.0
46,1429,3.0
46,1485,4.0
46,1499,1.5
46,1544,3.5
46,1552,3.5
46,1562,2.0
46,1573,3.0
46,1580,4.5
46,1584,4.5
46,1587,3.0
46,1597,3.5
46,1639,3.0
46,1645,4.0
46,1665,3.0
46,1690,3.5
46,1721,3.0
46,1771,2.0
46,1777,4.0
46,1779,1.0
46,1792,3.0
46,1875,3.0
46,1885,3.0
46,1887,3.0
46,1909,4.0
46,1923,4.0
46,1954,4.0
46,1961,3.5
46,1968,4.5
46,1970,3.0
46,1995,3.5
46,1997,4.5
46,2011,3.5
46,2028,3.5
46,2054,1.5
46,2100,3.5
46,2119,3.0
46,2140,3.0
46,2148,2.0
46,2149,0.5
46,2153,2.0
46,2161,2.5
46,2288,4.5
46,2291,4.0
46,2294,3.0
46,2313,3.0
46,2322,2.5
46,2334,3.0
46,2335,4.0
46,2355,3.5
46,2395,4.0
46,2501,3.5
46,2502,4.0
46,2517,3.0
46,2539,3.0
46,2617,3.0
46,2640,4.0
46,2642,3.0
46,2662,3.5
46,2779,3.0
46,2791,3.5
46,2798,0.5
46,2841,3.5
46,2959,4.0
46,3033,4.0
46,3034,4.0
46,3082,4.0
46,3087,4.0
46,3114,4.0
46,3175,4.0
46,3877,2.0
46,3981,3.0
46,4105,3.5
46,4226,4.0
46,4233,3.0
46,4553,3.0
46,4638,3.5
46,4643,3.0
46,4816,2.5
46,4958,3.0
46,4967,3.5
46,5146,3.0
46,5528,3.0
46,5956,3.5
46,6537,2.5
46,6615,3.0
46,6936,3.5
46,6950,2.5
46,8665,3.5
46,8810,4.0
46,8814,3.0
46,8827,4.0
46,8835,3.5
46,8836,2.5
46,8870,4.0
46,8874,4.0
46,8961,4.5
46,8968,3.5
47,17,5.0
47,25,4.0
47,58,4.0
47,80,4.0
47,111,5.0
47,154,4.0
47,164,3.0
47,215,3.0
47,296,5.0
47,318,5.0
47,377,4.0
47,457,3.5
47,480,3.0
47,527,4.5
47,535,4.0
47,541,2.0
47,593,5.0
47,608,5.0
47,648,3.0
47,745,3.0
47,858,5.0
47,898,4.0
47,900,3.0
47,902,5.0
47,909,4.0
47,910,4.0
47,912,5.0
47,914,2.0
47,919,5.0
47,920,5.0
47,922,5.0
47,923,5.0
47,926,4.0
47,928,4.0
47,942,4.0
47,953,4.0
47,1073,4.0
47,1213,5.0
47,1247,4.0
47,1250,4.0
47,1252,4.0
47,1265,5.0
47,1266,4.0
47,1267,5.0
47,1639,4.0
47,1721,4.0
47,1936,4.0
47,1939,4.0
47,1945,4.0
47,1946,4.0
47,1947,2.0
47,1950,5.0
47,1961,3.5
47,2013,4.0
47,2019,5.0
47,2020,4.0
47,2028,4.0
47,2289,3.0
47,2300,3.0
47,2395,3.0
47,2502,3.0
47,2612,4.0
47,3089,4.0
47,3111,4.0
47,3114,5.0
47,3176,4.0
47,3543,4.0
47,3549,3.0
47,4226,4.5
47,4995,3.0
47,5693,4.0
48,261,3.0
48,318,5.0
48,1381,0.5
49,19,3.5
49,70,4.0
49,104,4.0
49,110,4.0
49,111,5.0
49,145,3.0
49,153,4.0
49,160,3.0
49,163,4.5
49,165,4.0
49,168,4.0
49,172,4.0
49,173,4.0
49,185,4.0
49,196,3.5
49,223,4.5
49,231,3.5
49,235,5.0
49,253,5.0
49,260,5.0
49,288,4.0
49,293,5.0
49,296,4.5
49,329,3.5
49,338,4.5
49,344,4.0
49,364,4.0
49,377,4.0
49,380,4.5
49,455,1.0
49,466,3.5
49,480,4.0
49,500,3.5
49,509,4.0
49,527,3.5
49,541,5.0
49,551,5.0
49,553,4.0
49,587,3.5
49,588,4.5
49,590,2.5
49,592,4.5
49,593,4.0
49,595,4.5
49,608,4.0
49,648,3.5
49,653,4.0
49,778,4.0
49,780,4.0
49,786,4.0
49,832,4.0
49,858,5.0
49,903,5.0
49,912,5.0
49,919,4.0
49,920,4.5
49,923,4.0
49,953,5.0
49,968,4.0
49,1073,4.5
49,1089,5.0
49,1090,4.0
49,1213,4.0
49,1246,4.0
49,1247,0.5
49,1249,4.0
49,1250,4.0
49,1252,5.0
49,1254,3.0
49,1266,3.5
49,1267,4.0
49,1278,4.5
49,1370,4.0
49,1374,4.5
49,1391,4.0
49,1394,4.0
49,1407,4.0
49,1485,3.0
49,1544,3.5
49,1552,4.0
49,1573,4.0
49,1580,4.0
49,1584,4.0
49,1645,4.0
49,1653,4.0
49,1690,4.0
49,1909,4.0
49,1968,4.0
49,1997,4.5
49,2000,5.0
49,2001,4.0
49,2019,5.0
49,2028,4.0
49,2054,3.5
49,2105,3.5
49,2291,4.5
49,2321,3.5
49,2502,4.5
49,2617,5.0
49,2640,4.5
49,2642,2.0
49,2657,4.0
49,2791,4.0
49,2959,5.0
49,3114,4.5
49,3176,4.0
49,3635,4.5
49,4105,5.0
49,4148,4.0
49,4226,5.0
49,4327,4.0
49,5072,4.5
49,5146,5.0
49,5971,4.5
49,6283,5.0
49,7090,4.0
49,8874,5.0
49,8961,4.0
50,296,3.0
50,318,4.0
50,480,3.0
50,527,4.0
50,780,2.5
50,858,4.5
50,1213,4.0
50,2959,3.5
51,111,5.0
51,296,5.0
51,318,5.0
51,431,5.0
51,593,5.0
51,608,5.0
51,1089,4.5
51,1213,5.0
51,1250,5.0
51,1252,5.0
51,1266,5.0
51,1968,5.0
51,2028,5.0
51,2118,5.0
52,6,3.0
52,95,3.0
52,260,5.0
52,648,3.0
52,653,3.0
52,780,4.0
52,786,4.0
52,788,3.0
53,11,4.0
53,62,3.0
53,175,5.0
53,176,4.0
53,180,5.0
53,223,5.0
53,233,5.0
53,296,4.0
53,302,5.0
53,527,3.0
53,534,5.0
53,539,4.0
53,562,5.0
53,593,5.0
53,613,4.0
53,800,5.0
53,838,4.0
53,848,4.0
53,902,5.0
53,920,5.0
53,953,5.0
53,1259,5.0
53,1365,5.0
53,1398,4.0
53,1535,4.0
53,1613,4.0
53,1639,4.0
53,1721,4.0
53,1885,4.0
53,1900,4.0
53,1923,5.0
53,2360,4.0
53,2502,4.0
53,2539,4.0
53,2567,4.0
53,2575,3.0
53,2610,5.0
53,2841,4.0
53,3083,5.0
53,3090,5.0
53,4226,5.0
53,5817,5.0
53,6620,5.0
54,5,5.0
54,480,5.0
54,593,4.0
54,595,5.0
54,919,5.0
54,920,5.0
54,928,5.0
54,934,5.0
54,1073,4.0
54,1422,4.0
54,1544,4.0
54,3784,4.0
54,4024,3.0
55,17,1.0
55,105,4.0
55,111,5.0
55,150,5.0
55,185,3.0
55,590,3.0
55,593,5.0
55,608,5.0
55,648,5.0
55,903,4.0
55,912,3.0
55,1089,5.0
55,1125,5.0
55,1480,5.0
55,1552,5.0
55,1580,5.0
55,1610,5.0
55,1645,4.0
55,1649,5.0
55,1921,5.0
55,2028,5.0
55,2355,5.0
55,2657,5.0
55,3176,5.0
55,4148,5.0
55,4226,5.0
55,4643,3.0
55,4727,3.0
55,4728,3.0
55,4816,2.0
55,4978,5.0
55,4995,5.0
55,5780,3.0
56,5,4.0
56,95,4.5
56,110,4.0
56,161,4.0
56,162,3.0
56,260,5.0
56,296,4.0
56,307,2.5
56,318,4.0
56,364,4.0
56,457,5.0
56,480,5.0
56,527,3.5
56,541,4.0
56,553,5.0
56,592,4.5
56,608,3.5
56,648,5.0
56,780,4.0
56,858,4.0
56,900,4.0
56,912,4.5
56,919,3.5
56,923,3.5
56,953,5.0
56,965,3.5
56,1089,3.0
56,1247,3.5
56,1250,3.5
56,1252,3.5
56,1257,3.0
56,1259,3.5
56,1262,4.0
56,1266,4.5
56,1278,4.5
56,1370,4.5
56,1372,4.0
56,1374,4.5
56,1375,4.5
56,1580,5.0
56,1610,4.5
56,1954,5.0
56,2000,5.0
56,2001,4.5
56,2005,2.5
56,2028,4.0
56,2100,3.5
56,2321,2.5
56,2565,4.0
56,2657,1.0
56,2750,3.5
56,2959,2.5
56,3088,3.5
56,3101,3.5
56,3114,4.5
56,3175,4.5
56,4226,2.5
56,8665,4.0
56,8961,5.0
56,77561,5.0
56,85414,3.5
57,800,5.0
57,1249,5.0
57,1262,5.0
57,2289,5.0
57,2294,5.0
58,6,4.0
58,16,3.0
58,19,3.0
58,22,4.0
58,95,2.0
58,110,5.0
58,141,4.0
58,153,2.0
58,161,3.0
58,165,4.0
58,198,4.0
58,231,3.0
58,288,5.0
58,296,4.0
58,319,4.0
58,339,3.0
58,344,3.0
58,377,4.0
58,380,5.0
58,454,3.0
58,457,4.0
58,480,3.0
58,509,3.0
58,527,3.0
58,551,3.0
58,588,3.0
58,590,4.0
58,592,3.0
58,593,4.0
58,597,3.0
59,65,1.0
59,150,3.5
59,296,5.0
59,480,1.5
59,608,4.0
59,609,0.5
59,688,0.5
59,780,2.0
59,898,3.5
59,2109,2.5
59,4226,4.0
59,5956,3.0
60,153,2.5
60,163,4.0
60,165,4.0
60,168,0.5
60,180,4.0
60,223,5.0
60,315,1.0
60,466,4.0
60,592,4.5
60,714,5.0
60,805,3.5
60,891,4.5
60,1252,4.0
60,1370,3.5
60,1485,3.5
60,1562,0.5
60,1573,5.0
60,1687,0.5
60,1985,3.0
60,2019,5.0
60,2107,2.0
60,2502,4.0
60,4816,0.5
60,4958,0.5
60,6947,2.5
60,8831,4.0
61,198,0.5
61,261,2.5
61,342,2.5
61,345,4.5
61,783,4.5
61,1250,3.5
61,1372,5.0
61,2054,3.0
61,2268,4.0
62,19,4.0
62,62,3.5
62,104,4.0
62,107,4.0
62,111,4.0
62,123,4.5
62,150,4.5
62,158,3.5
62,180,4.5
62,185,4.5
62,223,4.5
62,231,4.0
62,260,4.5
62,277,2.5
62,296,5.0
62,300,4.0
62,329,4.0
62,344,4.5
62,345,4.0
62,364,3.0
62,377,4.0
62,455,2.0
62,457,4.5
62,466,4.0
62,480,4.0
62,500,2.5
62,509,3.0
62,539,3.0
62,541,4.0
62,586,2.5
62,587,3.0
62,588,2.0
62,594,2.0
62,595,2.5
62,596,2.0
62,599,4.0
62,608,4.0
62,609,3.5
62,616,3.0
62,648,4.5
62,673,2.5
62,780,4.0
62,783,2.0
62,849,3.0
62,858,4.0
62,912,4.5
62,919,2.5
62,923,4.5
62,953,3.0
62,1089,5.0
62,1090,5.0
62,1103,4.0
62,1246,4.0
62,1247,5.0
62,1248,4.0
62,1257,4.0
62,1259,4.5
62,1262,4.0
62,1265,4.5
62,1278,4.0
62,1282,2.5
62,1367,2.0
62,1371,2.5
62,1372,3.5
62,1374,3.5
62,1396,5.0
62,1544,3.5
62,1552,3.0
62,1580,4.0
62,1584,4.0
62,1610,4.0
62,1721,2.5
62,1722,3.5
62,1921,4.5
62,1923,4.0
62,1947,3.5
62,1954,3.0
62,1968,5.0
62,2000,4.5
62,2001,4.5
62,2011,3.5
62,2018,1.5
62,2028,4.5
62,2085,2.0
62,2144,4.5
62,2291,4.0
62,2335,2.5
62,2355,3.5
62,2359,4.0
62,2395,4.5
62,2501,5.0
62,2502,5.0
62,2605,4.0
62,2617,3.5
62,2657,4.5
62,2671,4.0
62,2770,4.0
62,2791,4.5
62,2959,5.0
62,3033,5.0
62,3082,3.5
62,3114,4.0
62,3175,4.0
62,3638,3.0
62,4011,4.5
62,4226,4.0
62,4728,4.5
62,4816,4.0
62,7451,4.0
62,7980,4.0
62,8366,4.5
62,8665,4.0
62,8874,4.0
62,8914,4.5
62,8966,4.5
63,16,3.0
63,19,0.5
63,69,4.0
63,110,3.5
63,111,4.5
63,150,3.5
63,153,1.0
63,160,1.0
63,165,4.5
63,223,2.0
63,260,3.0
63,293,4.5
63,296,3.5
63,318,4.0
63,344,1.0
63,364,1.5
63,393,5.0
63,457,3.0
63,480,3.5
63,527,3.0
63,541,4.5
63,551,4.0
63,588,3.0
63,592,2.0
63,593,3.5
63,608,4.0
63,637,1.5
63,761,2.5
63,778,4.5
63,780,3.5
63,858,4.0
63,912,4.0
63,923,4.0
63,1089,4.0
63,1213,5.0
63,1246,1.0
63,1359,2.0
63,1584,3.5
63,1610,4.0
63,1721,2.0
63,1809,4.0
63,2019,3.5
63,2028,3.5
63,2300,4.0
63,2502,5.0
63,2791,4.0
63,2959,3.5
63,3114,4.0
63,4226,4.5
63,4816,0.5
63,8973,3.0
64,95,3.0
64,110,4.0
64,315,3.5
64,342,3.5
64,480,4.0
64,527,4.0
64,541,4.5
64,593,4.5
64,955,2.5
64,1246,4.0
64,1441,4.0
64,1580,4.5
64,1653,3.0
64,1957,3.0
64,2011,2.0
64,2291,4.0
64,3101,3.0
64,3683,4.5
64,5991,4.5
65,6,5.0
65,11,3.0
65,24,3.0
65,70,3.0
65,110,5.0
65,111,5.0
65,194,4.0
65,198,4.0
65,223,5.0
65,260,5.0
65,288,3.0
65,293,5.0
65,296,5.0
65,318,5.0
65,380,3.0
65,441,4.0
65,457,5.0
65,475,4.0
65,480,4.0
65,497,4.0
65,541,4.0
65,549,3.0
65,588,4.0
65,590,5.0
65,592,5.0
65,593,5.0
65,599,4.0
65,608,4.0
65,648,2.0
65,678,4.0
65,778,4.0
65,780,3.0
65,786,3.0
65,788,4.0
65,858,5.0
65,903,5.0
65,910,3.0
65,912,3.0
65,919,3.0
65,920,4.0
65,923,5.0
65,953,5.0
65,1073,5.0
65,1089,5.0
65,1213,5.0
65,1245,4.0
65,1246,3.0
65,1247,5.0
65,1248,3.0
65,1250,3.0
65,1252,3.0
65,1254,5.0
65,1259,4.0
65,1262,4.0
65,1265,5.0
65,1266,5.0
65,1273,5.0
65,1278,3.0
65,1279,4.0
65,1283,3.0
65,1374,4.0
65,1394,3.0
65,1408,4.0
65,1480,3.0
65,1485,3.0
65,1573,3.0
65,1580,4.0
65,1584,3.0
65,1587,4.0
65,1597,4.0
65,1610,5.0
65,1633,4.0
65,1639,5.0
65,1641,4.0
65,1653,4.0
65,1721,2.0
65,1729,5.0
65,1883,4.0
65,1921,4.0
65,1923,5.0
65,1947,3.0
65,1961,3.0
65,1965,3.0
65,1966,5.0
65,1968,4.0
65,2000,4.0
65,2011,4.0
65,2019,5.0
65,2023,4.0
65,2028,5.0
65,2054,4.0
65,2064,3.0
65,2100,3.0
65,2108,3.0
65,2109,3.0
65,2140,3.0
65,2268,4.0
65,2289,3.0
65,2291,3.0
65,2294,4.0
65,2313,4.0
65,2355,4.0
65,2359,4.0
65,2395,4.0
65,2502,3.0
65,2617,3.0
65,2640,5.0
65,2657,1.0
65,2770,3.0
65,2791,4.0
65,2926,1.0
65,3088,4.0
65,3101,4.0
65,3114,4.0
65,3175,4.0
65,3176,4.0
65,4105,4.0
65,4226,4.0
65,4327,3.0
65,4523,3.0
65,4564,3.0
65,4643,2.0
65,4995,3.0
66,22,2.0
66,596,2.0
66,762,0.5
66,1485,4.5
66,2100,3.0
67,110,3.0
67,150,3.5
67,165,4.0
67,261,4.0
67,296,3.5
67,318,4.5
67,364,5.0
67,377,1.5
67,380,3.0
67,457,5.0
67,480,2.0
67,527,5.0
67,588,5.0
67,590,4.5
67,592,3.5
67,593,3.0
67,780,4.5
67,858,5.0
67,902,3.5
67,914,4.5
67,1059,5.0
67,1367,4.0
67,1722,3.5
67,2080,3.5
67,2085,4.5
67,2100,3.0
68,89,4.0
68,110,3.5
68,150,4.0
68,168,2.5
68,170,3.0
68,172,2.5
68,253,3.5
68,260,4.0
68,293,5.0
68,296,4.5
68,318,4.5
68,339,3.0
68,440,4.0
68,480,4.5
68,500,2.5
68,527,5.0
68,541,4.5
68,592,3.5
68,593,5.0
68,608,4.0
68,671,5.0
68,802,4.0
68,919,4.0
68,1089,4.5
68,1103,2.0
68,1213,3.5
68,1246,5.0
68,1259,4.5
68,1265,5.0
68,1266,5.0
68,1359,2.0
68,1374,4.0
68,1391,3.0
68,1408,4.5
68,1573,1.5
68,1580,3.5
68,1610,4.0
68,1653,4.0
68,1721,4.0
68,1777,3.5
68,1779,2.0
68,1923,3.5
68,1954,3.5
68,2011,3.0
68,2022,3.5
68,2028,4.0
68,2140,4.0
68,2502,5.0
68,2959,4.5
68,3114,4.5
68,3175,4.0
68,3176,4.0
68,4226,5.0
68,4638,3.0
68,4643,2.5
68,6537,3.5
68,6936,3.5
68,6947,4.5
68,7090,3.5
68,8665,3.5
68,8810,2.5
68,8874,4.0
68,8961,5.0
69,223,1.0
69,233,5.0
69,293,5.0
69,608,5.0
69,1089,5.0
69,1093,2.0
69,1968,4.0
69,2395,4.0
70,147,4.5
70,531,0.5
71,170,3.5
71,319,4.0
71,524,2.0
72,58,5.0
72,111,4.0
72,150,3.0
72,247,5.0
72,296,4.0
72,457,3.0
72,497,5.0
72,527,5.0
72,590,5.0
72,592,3.0
72,593,4.0
73,111,5.0
73,501,4.0
73,527,5.0
73,593,5.0
73,1089,4.0
73,2028,5.0
73,2841,4.0
74,13,3.0
74,111,3.0
74,141,3.0
74,146,3.0
74,153,3.0
74,158,4.0
74,168,3.0
74,169,3.0
74,175,2.0
74,186,4.0
74,212,3.0
74,239,3.0
74,260,5.0
74,262,4.0
74,296,3.0
74,313,3.0
74,339,4.0
74,344,1.0
74,364,4.0
74,377,4.0
74,380,4.0
74,455,3.0
74,457,4.0
74,480,4.0
74,500,3.0
74,531,3.0
74,541,4.0
74,551,3.0
74,558,3.0
74,585,3.0
74,586,3.0
74,587,5.0
74,588,5.0
74,592,3.0
74,594,4.0
74,595,5.0
74,596,4.0
74,597,4.0
74,648,2.0
74,673,3.0
74,709,3.0
74,711,3.0
74,780,4.0
74,788,2.0
74,802,4.0
74,810,3.0
74,828,3.0
74,837,3.0
74,888,3.0
74,921,3.0
74,1023,4.0
74,1073,4.0
74,1247,4.0
74,1253,3.0
74,1259,3.0
74,1265,5.0
74,1278,4.0
74,1282,4.0
74,1283,3.0
74,1367,3.0
74,1370,4.0
74,1371,3.0
74,1374,4.0
74,1375,3.0
75,110,0.5
75,150,3.5
75,231,3.5
75,260,3.5
75,296,4.5
75,344,3.0
75,457,4.0
75,480,3.0
75,500,3.5
75,593,4.0
75,648,3.0
75,780,3.5
75,858,5.0
75,1213,3.5
75,1580,4.0
75,1610,4.0
75,2023,4.5
75,2105,5.0
75,2502,3.5
75,2959,5.0
75,4995,4.5
75,8874,4.0
76,19,1.5
76,150,4.0
76,260,5.0
76,318,4.5
76,344,2.0
76,480,5.0
76,527,3.5
76,553,5.0
76,588,3.5
76,593,3.5
76,778,1.0
76,919,3.5
76,1073,3.0
76,1262,3.5
76,1267,4.0
76,1271,3.5
76,2085,3.5
76,2124,3.0
76,2142,2.0
76,2161,4.0
76,2501,3.5
76,2959,4.5
76,3114,3.0
76,4226,3.0
76,4995,3.0
76,8337,2.5
76,8665,2.0
76,8961,3.0
77,24,4.0
77,223,4.0
77,541,5.0
77,608,5.0
77,902,4.0
77,1391,3.0
77,1911,4.0
77,2355,5.0
77,2395,5.0
77,2690,5.0
77,2757,4.0
78,1584,2.0
78,1586,2.0
78,1588,3.0
78,1633,1.0
78,1641,3.0
78,1645,2.0
78,1687,3.0
78,1689,4.0
79,111,0.5
79,215,4.5
79,223,3.5
79,339,2.5
79,597,3.5
79,745,3.5
79,901,3.5
79,910,4.0
79,1073,3.5
79,1246,2.0
79,1247,3.0
79,1265,3.5
79,1273,4.0
79,1954,2.0
79,1968,3.5
79,2100,4.0
79,2144,3.0
79,2291,3.0
79,2395,3.5
79,2657,3.0
79,2671,4.0
79,4226,1.5
79,4816,2.0
79,4823,3.5
79,4995,2.0
79,5902,3.5
79,5971,3.0
79,6440,2.5
79,6936,4.5
79,7451,3.0
79,8961,4.0
80,19,3.0
80,110,5.0
80,150,3.0
80,153,3.0
80,161,4.0
80,165,4.0
80,185,4.0
80,231,4.0
80,266,4.0
80,288,3.0
80,296,5.0
80,300,4.0
80,318,5.0
80,329,3.0
80,339,5.0
80,344,4.0
80,364,5.0
80,380,3.0
80,454,4.0
80,457,5.0
80,480,4.0
80,590,4.0
80,592,4.0
80,593,4.0
80,595,3.0
81,260,5.0
81,553,3.5
81,1584,3.0
81,1923,4.5
81,2640,4.5
82,110,4.0
82,153,2.0
82,260,3.0
82,480,4.5
82,780,4.0
82,1246,5.0
82,1544,3.5
82,1580,4.0
82,1584,4.5
82,1645,5.0
82,1653,4.5
82,1721,4.0
82,1726,5.0
82,1779,2.5
82,2023,5.0
82,2028,5.0
82,2355,4.0
82,2671,5.0
82,4226,3.0
82,4643,4.0
82,4995,4.5
82,8961,1.0
82,8984,4.0
83,17,5.0
83,110,0.5
83,638,4.0
83,1265,2.5
83,2788,5.0
83,8874,5.0
84,104,4.5
84,150,3.0
84,173,1.5
84,315,1.0
84,380,4.0
84,457,4.0
84,673,3.0
84,832,4.0
84,1059,3.5
84,1090,3.5
84,1485,3.0
84,1586,3.5
84,1923,5.0
84,2000,4.0
84,2028,4.0
84,2268,4.0
84,2617,3.5
84,2770,3.0
84,3114,4.0
84,4816,4.0
84,8665,4.0
85,426,2.0
85,473,3.0
85,2207,3.0
86,260,4.0
86,527,3.0
86,2023,1.0
86,4148,5.0
86,4995,3.0
87,5,2.0
87,6,4.0
87,62,3.0
87,95,3.0
87,104,4.0
87,141,5.0
87,260,5.0
87,608,4.0
87,648,3.0
87,780,4.0
87,788,4.0
87,802,4.0
87,1073,4.0
88,110,4.0
88,150,4.0
88,153,3.0
88,253,5.0
88,296,3.0
88,300,3.0
88,329,4.0
88,339,3.0
88,457,4.0
88,480,5.0
88,590,4.0
88,592,4.0
88,593,4.0
89,24,4.0
89,110,5.0
89,260,5.0
89,261,5.0
89,262,4.0
89,300,4.0
89,364,5.0
89,405,4.0
89,457,5.0
89,508,5.0
89,590,4.0
89,606,1.0
89,608,5.0
89,858,5.0
89,912,5.0
89,916,5.0
89,919,5.0
89,953,5.0
89,1213,4.0
89,1247,4.0
89,1259,4.0
89,1678,5.0
89,1911,3.0
89,1956,5.0
89,1957,3.0
89,2013,3.0
89,2020,4.0
89,2023,5.0
89,2028,5.0
89,2080,5.0
89,2268,4.0
89,2313,4.0
89,2355,5.0
89,2433,4.0
89,2565,5.0
89,2791,5.0
89,3088,5.0
90,186,1.0
90,252,1.0
90,466,3.0
90,628,3.5
90,1407,1.5
90,1653,3.5
90,2291,1.0
90,2395,2.0
90,2640,2.5
91,5,3.0
91,6,5.0
91,16,5.0
91,17,4.0
91,38,5.0
91,62,3.0
91,79,5.0
91,89,4.0
91,141,5.0
91,145,4.0
91,150,4.0
91,153,3.0
91,158,3.0
91,165,3.0
91,168,5.0
91,173,3.0
91,185,4.0
91,266,3.0
91,329,3.0
91,344,4.0
91,350,5.0
91,364,5.0
91,377,3.0
91,440,4.0
91,454,5.0
91,457,4.0
91,466,3.0
91,480,4.0
91,500,5.0
91,502,2.0
91,509,1.0
91,531,5.0
91,586,3.0
91,587,5.0
91,588,4.0
91,590,4.0
91,592,3.0
91,593,5.0
91,594,3.0
91,595,5.0
91,596,3.0
91,597,4.0
91,648,3.0
93,5,3.0
93,11,3.0
93,150,4.0
93,154,3.0
93,194,4.0
93,207,3.0
93,289,3.0
93,296,5.0
93,302,3.0
93,318,4.0
93,339,4.0
93,345,4.0
93,364,3.0
93,380,3.0
93,482,1.0
93,509,3.0
93,535,3.0
93,539,3.0
93,587,3.0
93,588,3.0
93,590,3.0
93,592,3.0
93,595,3.0
93,597,4.0
94,6,4.0
94,223,5.0
94,440,4.0
94,441,5.0
94,457,4.0
94,593,5.0
94,608,4.0
94,858,5.0
94,934,4.0
94,1089,5.0
94,1265,5.0
94,1441,4.0
94,1580,3.0
94,1610,4.0
94,1885,3.0
94,1923,5.0
94,2000,4.0
94,2239,4.0
94,2355,4.0
94,2395,5.0
94,2502,5.0
94,2759,2.0
94,2791,5.0
94,3033,5.0
95,17,5.0
95,318,5.0
95,457,4.0
95,480,3.0
95,497,5.0
95,1088,3.0
95,1259,5.0
95,1678,4.0
95,1956,5.0
95,1957,5.0
95,1961,5.0
95,2028,4.0
95,2321,4.0
95,2501,5.0
96,306,4.0
96,531,3.5
96,551,4.5
96,838,3.5
96,1911,1.0
96,2291,4.5
97,318,4.0
97,500,1.5
97,527,3.5
97,1246,4.5
97,1259,5.0
97,1278,3.5
97,1371,4.5
97,1639,2.0
97,1968,5.0
97,2005,4.0
97,3176,2.0
97,4995,4.5
98,6,3.5
98,17,2.5
98,110,3.5
98,150,2.0
98,165,3.0
98,185,2.0
98,193,2.0
98,231,2.5
98,260,2.5
98,288,3.5
98,296,4.0
98,318,3.5
98,345,2.5
98,364,3.5
98,377,2.5
98,380,3.0
98,455,2.0
98,480,2.0
98,509,2.5
98,527,4.0
98,539,2.0
98,541,4.5
98,590,2.5
98,592,2.0
98,593,4.0
98,596,2.0
98,597,2.5
98,628,3.5
98,648,3.0
98,707,3.0
98,778,4.0
98,780,2.0
98,858,3.5
98,903,3.5
98,912,3.5
98,914,3.5
98,920,3.0
98,923,3.0
98,953,3.5
98,1059,3.5
98,1089,3.5
98,1090,3.5
98,1092,3.5
98,1093,3.0
98,1246,3.5
98,1247,3.0
98,1265,3.5
98,1370,3.0
98,1396,2.5
98,1408,3.5
98,1573,2.0
98,1580,2.5
98,1584,3.5
98,1610,2.5
98,1653,4.0
98,1690,3.0
98,1729,3.0
98,1779,3.0
98,1909,3.0
98,1923,3.5
98,1954,2.5
98,1961,2.5
98,1997,3.0
98,2001,2.0
98,2020,3.0
98,2028,3.5
98,2054,1.5
98,2100,1.5
98,2268,2.0
98,2288,3.5
98,2355,3.5
98,2502,3.5
98,2617,3.0
98,2728,2.5
98,2959,4.5
98,3114,3.5
98,4011,4.0
98,4226,3.5
98,4643,3.0
98,6440,3.0
98,8961,3.5
99,260,5.0
99,648,4.0
99,780,3.0
99,786,3.0
99,802,4.0
99,1073,3.0
100,247,3.0
101,5,4.0
101,6,5.0
101,17,3.0
101,25,2.0
101,62,3.0
101,95,4.0
101,104,3.0
101,141,3.0
101,608,2.0
101,648,3.0
101,653,2.0
101,780,4.0
101,786,3.0
102,541,3.5
102,898,3.0
102,1103,2.0
102,1619,1.5
102,1957,3.5
102,1965,3.0
102,2019,4.0
102,2313,3.0
102,3175,4.0
103,110,5.0
103,150,3.0
103,153,3.0
103,160,2.0
103,161,4.0
103,165,4.0
103,185,3.0
103,231,5.0
103,253,3.0
103,266,4.0
103,296,4.0
103,300,3.0
103,315,3.0
103,318,5.0
103,329,3.0
103,339,3.0
103,344,5.0
103,364,3.0
103,377,4.0
103,380,4.0
103,440,3.0
103,454,3.0
103,457,4.0
103,480,4.0
103,500,3.0
103,527,5.0
103,539,3.0
103,586,3.0
103,587,3.0
103,588,3.0
103,590,3.0
103,592,3.0
103,593,5.0
103,595,2.0
103,597,1.0
104,118,3.5
104,953,2.0
104,1250,2.5
104,1574,5.0
104,1777,3.5
104,2100,2.5
104,2321,3.5
104,2502,4.0
105,150,5.0
105,293,5.0
105,296,4.5
105,318,5.0
105,380,3.5
105,457,5.0
105,527,3.0
105,588,3.5
105,745,5.0
105,780,3.5
105,1271,4.5
105,1640,4.0
105,1907,4.0
105,2058,4.0
105,2959,5.0
105,4226,5.0
105,4995,3.5
105,8961,5.0
106,253,3.5
106,593,4.5
106,1073,3.5
106,1093,4.0
106,1246,4.0
106,1961,4.0
106,1968,4.0
106,2959,3.5
106,4995,3.5
107,176,2.0
107,339,3.0
107,342,4.0
107,440,2.0
107,497,5.0
107,539,3.0
107,562,5.0
107,582,4.0
107,708,4.0
107,807,5.0
107,838,4.0
107,1265,5.0
107,1537,4.0
107,1542,3.0
107,1580,5.0
107,1592,2.0
107,1641,4.0
107,1665,5.0
107,1734,5.0
107,1777,4.0
107,1885,4.0
107,1904,3.0
107,1923,3.0
107,2029,4.0
107,2108,2.0
107,2155,5.0
107,2171,5.0
107,2289,4.0
107,2335,1.0
107,2359,4.0
107,2395,5.0
107,2575,5.0
107,2671,3.0
107,2690,4.0
107,2759,4.0
107,2959,2.0
108,260,4.0
108,318,5.0
109,110,3.5
109,318,3.0
109,593,3.5
109,858,4.5
109,2028,3.0
110,260,5.0
110,318,4.5
110,2959,5.0
111,110,4.5
111,260,3.5
111,296,5.0
111,318,4.0
111,480,3.5
111,593,4.5
111,858,4.5
111,1573,4.0
111,1580,4.0
111,1584,3.5
111,1645,5.0
111,1653,3.0
111,2011,3.5
111,2028,4.5
111,2959,4.5
111,4011,4.0
111,77561,4.0
111,85414,4.0
111,115210,4.0
112,14,3.0
112,16,3.0
112,17,3.0
112,25,4.0
112,76,3.0
112,85,2.0
112,107,2.0
112,194,3.0
112,608,4.0
112,616,3.0
112,702,3.0
112,709,3.0
112,745,4.0
112,778,4.0
112,780,3.0
112,783,4.0
112,849,3.0
112,1073,4.0
112,1103,3.0
113,260,5.0
114,111,3.0
114,150,5.0
114,173,4.0
114,236,3.0
114,276,5.0
114,277,4.0
114,296,5.0
114,329,2.0
114,480,3.0
114,508,3.0
114,509,5.0
114,587,3.0
114,590,5.0
114,593,5.0
114,597,2.0
115,11,3.0
115,110,5.0
115,163,4.0
115,260,4.0
115,296,5.0
115,380,2.0
115,457,5.0
115,497,4.0
115,527,5.0
115,541,4.0
115,593,5.0
115,608,4.0
115,745,5.0
115,778,4.0
115,780,2.0
115,866,3.0
115,923,3.0
115,1089,5.0
115,1125,4.0
115,1213,5.0
115,1246,5.0
115,1265,3.0
115,1408,4.0
115,1573,3.0
115,1580,4.0
115,1584,4.0
115,1587,2.0
115,1641,4.0
115,1653,5.0
115,1729,4.0
115,1883,4.0
115,1921,5.0
115,1923,4.0
115,1991,1.0
115,2001,4.0
115,2020,5.0
115,2268,3.0
115,2291,3.0
115,2575,5.0
115,2605,2.0
115,2791,2.0
116,216,3.0
116,364,1.0
116,1721,1.0
116,1911,3.0
116,3784,1.0
117,85,3.0
117,249,3.0
117,302,4.0
117,306,5.0
117,307,5.0
117,308,5.0
117,314,3.0
117,480,1.0
117,574,4.0
117,593,3.0
117,627,4.0
117,828,1.0
117,1089,4.0
117,1554,5.0
117,1641,4.0
117,2161,1.0
117,2321,3.0
117,2959,4.0
117,3525,1.0
118,5,3.0
118,14,1.0
118,62,5.0
118,260,5.0
118,765,4.0
118,780,5.0
118,786,3.0
118,802,5.0
118,1073,3.0
119,25,4.0
119,58,4.0
119,111,5.0
119,150,4.0
119,153,3.0
119,161,4.0
119,162,5.0
119,165,3.0
119,176,4.0
119,185,4.0
119,231,3.0
119,253,4.0
119,288,2.0
119,296,4.0
119,318,5.0
119,344,3.0
119,380,3.0
119,457,4.0
119,475,3.0
119,527,5.0
119,581,4.0
119,588,5.0
119,592,3.0
119,593,4.0
119,595,4.0
119,673,4.0
120,14,2.5
120,25,4.5
120,58,3.5
120,62,2.5
120,101,4.5
120,110,3.0
120,111,4.0
120,141,3.5
120,150,2.5
120,231,3.0
120,232,4.0
120,235,5.0
120,246,4.0
120,260,3.0
120,266,3.5
120,272,4.0
120,276,3.0
120,296,4.0
120,306,4.0
120,314,4.0
120,318,4.0
120,339,3.0
120,344,2.0
120,348,4.5
120,364,2.0
120,377,1.5
120,380,2.0
120,435,3.0
120,440,3.5
120,457,1.0
120,466,2.0
120,480,2.0
120,500,2.5
120,508,3.5
120,524,3.0
120,527,4.0
120,534,2.5
120,535,4.0
120,539,3.5
120,551,4.5
120,585,3.5
120,586,1.5
120,590,1.5
120,592,3.5
120,593,3.0
120,595,3.0
120,597,3.0
120,608,4.5
120,616,3.0
120,648,2.0
120,663,4.5
120,671,3.0
120,708,3.5
120,714,3.0
120,765,3.0
120,778,4.0
120,780,2.5
120,800,4.5
120,805,3.0
120,837,3.0
120,838,3.0
120,858,5.0
120,902,4.5
120,903,3.5
120,912,4.5
120,914,3.5
120,920,3.0
120,923,3.5
120,954,3.5
120,968,4.0
120,994,4.0
120,1093,3.5
120,1245,4.5
120,1246,3.5
120,1247,4.5
120,1252,4.0
120,1265,4.5
120,1266,4.5
120,1267,3.5
120,1271,3.5
120,1272,4.0
120,1281,4.0
120,1391,2.5
120,1394,4.5
120,1396,3.5
120,1407,3.0
120,1483,4.0
120,1485,3.0
120,1554,4.0
120,1580,3.0
120,1584,2.5
120,1610,2.5
120,1635,3.5
120,1639,4.0
120,1641,4.5
120,1645,0.5
120,1653,3.0
120,1721,3.0
120,1729,4.0
120,1777,3.5
120,1845,3.5
120,1883,4.0
120,1921,3.0
120,1923,4.5
120,1945,4.5
120,1947,3.5
120,1954,5.0
120,1957,4.0
120,1958,4.0
120,1961,4.0
120,1968,3.5
120,2011,3.0
120,2022,3.5
120,2023,3.5
120,2028,3.5
120,2054,1.0
120,2080,2.0
120,2108,4.5
120,2109,4.0
120,2116,3.0
120,2117,4.5
120,2133,2.0
120,2140,4.0
120,2161,2.5
120,2268,3.5
120,2289,4.5
120,2291,4.5
120,2294,3.0
120,2313,4.5
120,2321,4.0
120,2359,4.0
120,2395,4.0
120,2469,4.0
120,2502,4.0
120,2616,2.0
120,2640,2.0
120,2770,3.5
120,2788,4.0
120,2791,4.0
120,2959,4.0
120,3033,3.5
120,3089,4.0
120,3175,4.0
120,3176,3.5
120,3683,4.5
120,4011,3.5
120,4226,5.0
120,4643,2.0
120,4911,3.0
120,4995,4.0
120,5902,3.5
120,5991,3.0
120,6440,4.0
120,8873,4.0
120,8874,3.5
120,39414,4.5
121,260,5.0
122,441,1.0
122,524,4.0
122,673,3.5
122,2080,5.0
122,2288,4.0
122,2294,4.0
123,69,2.0
123,152,2.0
123,163,5.0
123,196,4.0
123,223,5.0
123,253,4.0
123,260,5.0
123,290,3.0
123,562,2.0
123,565,2.0
123,588,5.0
123,593,5.0
123,608,5.0
123,627,5.0
123,919,5.0
123,968,5.0
123,1073,5.0
123,1089,5.0
123,1265,5.0
123,1407,3.0
123,1440,3.0
123,1667,5.0
123,1824,2.0
123,1883,5.0
123,2024,5.0
123,2028,4.0
123,2058,4.0
123,2321,4.0
123,2355,3.0
123,2395,4.0
123,2539,3.0
123,2654,5.0
123,2789,5.0
124,65,2.5
124,1635,4.0
124,2067,3.0
125,63,2.5
125,101,4.5
125,111,4.0
125,162,5.0
125,165,3.0
125,172,2.0
125,175,4.0
125,235,5.0
125,236,1.0
125,252,3.0
125,277,1.0
125,288,3.5
125,296,4.0
125,300,4.5
125,329,1.0
125,344,2.5
125,440,3.0
125,441,4.0
125,466,1.5
125,497,3.0
125,524,1.0
125,535,4.5
125,541,4.0
125,562,5.0
125,585,2.0
125,599,4.0
125,608,4.5
125,671,4.0
125,714,4.0
125,765,0.5
125,780,2.5
125,788,2.0
125,858,4.5
125,923,4.5
125,968,4.0
125,1073,4.0
125,1089,4.0
125,1090,3.0
125,1213,5.0
125,1247,3.5
125,1248,5.0
125,1250,4.5
125,1252,5.0
125,1394,4.5
125,1546,5.0
125,1639,3.5
125,1653,2.5
125,1665,0.5
125,1729,4.0
125,2011,4.0
125,2054,2.5
125,2105,2.0
125,2161,3.5
125,2253,3.0
125,2294,3.0
125,2395,5.0
125,2567,1.5
125,2617,0.5
125,2640,3.0
125,2759,3.0
125,2788,4.5
125,3019,4.0
125,3489,4.0
125,3543,4.0
125,3683,4.0
125,4226,4.0
125,4327,3.0
125,5902,4.5
125,6440,5.0
125,6620,4.0
125,6957,4.5
126,95,5.0
126,150,5.0
126,153,3.0
126,161,5.0
126,165,5.0
126,173,4.0
126,185,4.0
126,204,4.0
126,231,3.0
126,253,5.0
126,266,3.0
126,329,3.0
126,339,5.0
126,344,3.0
126,364,5.0
126,377,5.0
126,380,5.0
126,405,3.0
126,457,5.0
126,480,4.0
126,587,5.0
126,588,5.0
126,590,5.0
126,592,4.0
126,594,5.0
126,595,5.0
126,596,4.0
126,648,5.0
127,6,5.0
127,110,4.0
127,116,4.0
127,117,4.0
127,150,4.0
127,153,3.0
127,160,2.0
127,161,3.0
127,165,3.0
127,173,3.0
127,185,2.0
127,196,3.0
127,198,4.0
127,223,4.0
127,231,1.0
127,247,4.0
127,249,3.0
127,253,3.0
127,272,5.0
127,288,4.0
127,296,3.0
127,315,2.0
127,318,5.0
127,319,5.0
127,329,3.0
127,339,3.0
127,342,3.0
127,350,3.0
127,427,3.0
127,431,4.0
127,440,3.0
127,454,3.0
127,457,3.0
127,509,5.0
127,551,4.0
127,588,4.0
127,590,4.0
127,592,3.0
127,593,3.0
127,595,3.0
127,745,5.0
128,110,5.0
128,318,5.0
129,111,4.0
129,260,5.0
129,296,5.0
129,318,5.0
129,457,4.0
129,527,5.0
129,593,5.0
129,903,5.0
129,923,4.0
129,965,5.0
129,1089,5.0
129,1250,5.0
129,1252,4.0
129,1262,5.0
129,1266,3.0
129,1267,5.0
129,1407,3.0
129,1833,3.0
129,2028,5.0
129,2118,5.0
129,3101,4.0
129,4327,4.0
130,2605,4.0
131,6,3.0
131,18,4.0
131,22,3.0
131,25,3.0
131,62,3.0
131,65,2.0
131,78,3.0
131,79,2.0
131,95,3.0
131,104,3.0
131,110,4.0
131,111,5.0
131,118,3.0
131,140,3.0
131,141,3.0
131,144,4.0
131,223,5.0
131,247,3.0
131,253,3.0
131,280,2.0
131,288,3.0
131,296,5.0
131,306,3.0
131,307,3.0
131,308,5.0
131,314,3.0
131,319,5.0
131,322,4.0
131,329,3.0
131,339,3.0
131,344,3.0
131,345,4.0
131,457,5.0
131,467,1.0
131,501,3.0
131,509,5.0
131,527,5.0
131,539,4.0
131,593,5.0
131,608,5.0
131,628,4.0
131,648,1.0
131,708,4.0
131,780,3.0
131,786,2.0
131,1073,4.0
131,1089,5.0
131,1245,5.0
131,1252,3.0
131,1266,5.0
131,1371,3.0
131,1372,3.0
131,1374,4.0
131,1375,3.0
131,1391,5.0
132,11,3.0
132,25,4.0
132,66,1.0
132,69,4.0
132,101,5.0
132,104,4.0
132,110,3.0
132,111,4.0
132,118,4.0
132,122,2.0
132,123,5.0
132,141,3.0
132,144,3.0
132,150,3.0
132,160,1.0
132,161,3.0
132,175,4.0
132,180,4.0
132,216,3.0
132,223,4.0
132,233,2.0
132,260,4.0
132,272,4.0
132,293,4.0
132,296,5.0
132,318,4.0
132,319,4.0
132,320,4.0
132,363,4.0
132,364,4.0
132,377,2.0
132,436,2.0
132,440,3.0
132,441,4.0
132,454,3.0
132,457,3.0
132,459,3.0
132,466,2.0
132,480,2.0
132,482,3.0
132,508,4.0
132,510,2.0
132,527,3.0
132,533,2.0
132,588,4.0
132,590,3.0
132,592,3.0
132,593,4.0
132,603,2.0
132,605,3.0
132,608,4.0
132,612,2.0
132,628,4.0
132,653,2.0
132,708,3.0
132,778,5.0
132,800,5.0
132,803,4.0
132,858,5.0
132,898,4.0
132,903,4.0
132,910,4.0
132,912,5.0
132,919,3.0
132,920,3.0
132,923,5.0
132,953,3.0
132,954,4.0
132,1073,4.0
132,1088,2.0
132,1089,5.0
132,1091,1.0
132,1213,3.0
132,1246,4.0
132,1247,5.0
132,1248,4.0
132,1251,5.0
132,1252,5.0
132,1257,4.0
132,1259,4.0
132,1265,2.0
132,1272,4.0
132,1381,2.0
132,1394,4.0
132,1580,2.0
132,1584,2.0
132,1587,2.0
132,1594,3.0
132,1599,1.0
132,1610,3.0
132,1621,4.0
132,1635,4.0
132,1639,5.0
132,1641,3.0
132,1653,3.0
132,1721,3.0
132,1817,2.0
132,1883,3.0
132,1895,3.0
132,1902,2.0
132,1921,5.0
132,1923,4.0
132,1927,3.0
132,1945,4.0
132,1950,4.0
132,1954,3.0
132,1955,4.0
132,1956,5.0
132,1961,4.0
132,1968,4.0
132,2000,3.0
132,2001,3.0
132,2005,4.0
132,2011,3.0
132,2018,4.0
132,2019,5.0
132,2020,4.0
132,2028,3.0
132,2054,2.0
132,2058,3.0
132,2064,5.0
132,2100,4.0
132,2109,4.0
132,2133,2.0
132,2134,2.0
132,2140,4.0
132,2144,3.0
132,2155,4.0
132,2161,4.0
132,2268,4.0
132,2280,3.0
132,2291,3.0
132,2294,4.0
132,2320,4.0
132,2321,4.0
132,2335,4.0
132,2395,5.0
132,2502,4.0
132,2594,4.0
132,2616,2.0
132,2657,3.0
132,2671,4.0
132,2728,2.0
132,2791,3.0
132,2924,4.0
132,2926,2.0
132,2959,5.0
132,3019,4.0
132,3033,3.0
132,3083,5.0
132,3087,2.0
132,3090,4.0
132,3176,3.0
132,3179,4.0
132,3525,3.0
132,3536,3.0
132,3683,4.0
132,3989,4.0
132,4011,4.0
132,4148,2.0
132,4226,5.0
132,4251,5.0
132,4291,3.0
132,4437,4.0
132,4478,3.0
132,4517,3.0
132,4689,4.0
132,4723,4.0
132,4929,4.0
132,4960,4.0
132,4967,4.0
132,4978,4.0
132,4995,5.0
133,6,4.5
133,16,4.0
133,25,4.0
133,231,2.5
133,288,4.0
133,293,4.5
133,296,4.5
133,318,4.5
133,344,3.0
133,480,3.0
133,586,3.5
133,593,4.0
133,1089,4.0
133,1213,4.5
133,1672,3.5
133,1729,4.5
133,1961,4.5
133,2959,4.5
133,4011,4.5
133,4226,4.5
133,5528,3.0
134,17,5.0
134,99,3.0
134,246,5.0
134,296,5.0
134,608,4.0
134,1265,4.0
134,1610,3.0
134,1885,3.0
135,251,3.0
135,828,2.0
136,4226,2.5
136,4638,2.0
136,4816,3.5
136,4995,5.0
136,5902,3.0
136,6537,2.0
136,8961,5.0
137,20,2.0
137,175,4.0
137,267,4.0
137,2085,5.0
137,2253,2.0
137,2335,2.0
138,260,4.0
138,318,5.0
138,527,4.5
138,858,2.0
138,4226,3.5
139,110,2.0
139,480,4.0
139,549,1.0
139,586,3.0
139,593,3.0
139,902,3.0
139,920,3.0
139,1125,5.0
139,1265,2.0
139,2117,5.0
139,2779,3.0
139,4958,2.0
140,12,1.5
140,1907,2.5
140,2687,3.5
140,4226,1.0
140,4232,1.0
140,5991,3.0
141,318,4.0
141,527,5.0
141,1246,4.0
141,1961,3.5
141,2028,4.0
141,5971,5.0
142,5,2.0
142,25,3.0
142,63,2.0
142,69,3.0
142,88,3.0
142,104,3.0
142,110,5.0
142,111,4.0
142,147,4.0
142,150,3.0
142,161,2.0
142,175,3.0
142,231,3.0
142,260,3.0
142,296,3.0
142,344,3.0
142,364,3.0
142,562,3.0
142,588,3.0
142,590,3.0
142,593,4.0
142,595,3.0
142,605,3.0
142,627,2.0
142,628,4.0
142,648,2.0
142,671,3.0
142,708,1.0
142,778,4.0
142,780,1.0
142,788,4.0
142,919,3.0
142,1059,3.0
142,1259,3.0
142,1278,3.0
142,1367,3.0
142,1552,2.0
142,1639,4.0
143,858,3.0
143,1961,4.0
143,3079,4.0
144,193,3.5
144,1282,4.5
144,2080,3.5
144,2300,3.0
144,2605,2.5
144,2671,3.5
144,2770,3.0
144,3101,3.0
145,558,3.0
146,110,4.5
146,318,5.0
146,527,4.5
146,593,4.0
146,858,4.5
146,1262,4.0
146,2028,4.0
147,296,3.0
147,527,1.5
147,587,3.0
147,1265,4.0
147,2959,5.0
147,5971,3.5
147,49530,4.0
148,260,4.0
148,2028,4.0
148,8665,4.0
149,260,4.0
149,318,4.0
150,6,3.0
150,11,3.0
150,14,2.0
150,16,5.0
150,24,3.0
150,25,3.0
150,62,3.0
150,69,4.0
150,70,3.0
150,76,3.0
150,78,3.0
150,81,3.0
150,101,2.0
150,104,4.0
150,110,4.0
150,111,4.0
150,145,4.0
150,147,2.0
150,150,3.0
150,162,3.0
150,173,2.0
150,175,5.0
150,177,3.0
150,180,2.0
150,185,3.0
150,187,3.0
150,193,1.0
150,194,2.0
150,196,2.0
150,198,3.0
150,216,3.0
150,223,4.0
150,235,3.0
150,246,4.0
150,253,3.0
150,260,4.0
150,269,3.0
150,288,2.0
150,293,3.0
150,296,5.0
150,297,2.0
150,300,3.0
150,314,3.0
150,318,5.0
150,330,3.0
150,342,3.0
150,377,2.0
150,409,3.0
150,426,2.0
150,427,3.0
150,431,4.0
150,435,3.0
150,441,5.0
150,457,3.0
150,475,4.0
150,480,4.0
150,490,4.0
150,500,3.0
150,504,3.0
150,508,3.0
150,509,2.0
150,522,3.0
150,524,3.0
150,525,3.0
150,527,4.0
150,532,2.0
150,535,3.0
150,539,2.0
150,541,4.0
150,551,3.0
150,562,4.0
150,585,3.0
150,587,3.0
150,590,4.0
150,592,3.0
150,593,5.0
150,608,4.0
150,612,3.0
150,647,3.0
150,648,2.0
150,662,3.0
150,695,3.0
150,700,3.0
150,707,3.0
150,708,2.0
150,742,3.0
150,762,2.0
150,764,3.0
150,778,4.0
150,780,3.0
150,782,3.0
150,788,3.0
150,800,3.0
150,802,3.0
150,805,3.0
150,832,3.0
150,842,3.0
150,849,2.0
150,851,2.0
150,858,5.0
150,902,2.0
150,920,3.0
150,923,3.0
150,968,4.0
150,1073,4.0
150,1088,3.0
150,1089,5.0
150,1090,4.0
150,1091,2.0
150,1092,3.0
150,1093,3.0
150,1124,3.0
150,1213,5.0
150,1245,4.0
150,1246,3.0
150,1247,4.0
150,1252,4.0
150,1257,3.0
150,1259,4.0
150,1265,4.0
150,1266,4.0
150,1267,3.0
150,1272,3.0
150,1278,3.0
150,1378,3.0
150,1389,2.0
150,1391,3.0
150,1394,5.0
150,1407,3.0
150,1408,3.0
150,1483,2.0
150,1485,3.0
150,1523,3.0
150,1552,3.0
150,1580,4.0
150,1584,4.0
150,1587,2.0
150,1594,3.0
150,1600,3.0
150,1610,3.0
150,1619,2.0
150,1620,3.0
150,1627,3.0
150,1633,3.0
150,1635,3.0
150,1639,4.0
150,1641,3.0
150,1645,3.0
150,1648,2.0
150,1672,4.0
150,1690,3.0
150,1694,3.0
150,1721,4.0
150,1726,2.0
150,1729,3.0
150,1777,3.0
150,1779,3.0
150,1883,3.0
150,1885,4.0
150,1892,3.0
150,1923,4.0
150,1954,3.0
150,1955,3.0
150,1956,3.0
150,1958,3.0
150,1961,3.0
150,1965,3.0
150,1968,3.0
150,1969,3.0
150,1970,3.0
150,1975,2.0
150,1977,2.0
150,1979,2.0
150,1991,2.0
150,1997,5.0
150,1999,2.0
150,2000,3.0
150,2009,3.0
150,2011,3.0
150,2020,3.0
150,2023,2.0
150,2028,3.0
150,2029,2.0
150,2064,5.0
150,2100,3.0
150,2107,3.0
150,2108,3.0
150,2109,3.0
150,2112,3.0
150,2114,4.0
150,2117,3.0
150,2118,3.0
150,2134,3.0
150,2144,4.0
150,2148,2.0
150,2155,4.0
150,2268,3.0
150,2280,3.0
150,2288,4.0
150,2289,3.0
150,2291,3.0
150,2294,3.0
150,2310,3.0
150,2312,3.0
150,2313,4.0
150,2320,4.0
150,2321,3.0
150,2335,3.0
150,2359,2.0
150,2395,4.0
150,2433,3.0
150,2469,3.0
150,2517,3.0
150,2539,4.0
150,2567,3.0
150,2577,3.0
150,2617,3.0
150,2640,3.0
150,2657,2.0
150,2750,3.0
150,2759,3.0
150,2779,3.0
150,2787,3.0
150,2789,3.0
150,2791,3.0
150,2900,3.0
150,2959,4.0
150,3019,5.0
150,3036,3.0
150,3040,3.0
150,3087,3.0
150,3101,3.0
151,11,3.0
151,19,2.0
151,58,4.0
151,66,0.5
151,110,4.0
151,147,3.0
151,172,3.0
151,260,3.5
151,303,1.5
151,318,5.0
151,339,1.5
151,342,4.0
151,435,1.0
151,497,3.0
151,509,3.5
151,527,4.5
151,586,3.0
151,593,4.5
151,594,2.5
151,619,3.0
151,631,1.0
151,653,2.5
151,762,1.0
151,802,2.5
151,805,3.5
151,898,2.5
151,912,3.5
151,920,3.5
151,1213,4.0
151,1250,3.0
151,1259,3.5
151,1266,3.5
151,1267,4.0
151,1370,3.0
151,1371,3.0
151,1378,2.0
151,1394,5.0
151,1408,3.5
151,1610,3.0
151,1641,3.5
151,1643,3.5
151,1911,2.0
151,1921,3.5
151,1947,3.0
151,1956,3.0
151,1957,3.0
151,1961,4.5
151,1977,1.5
151,1979,1.0
151,2001,2.0
151,2013,2.5
151,2019,3.5
151,2058,2.0
151,2064,3.5
151,2108,3.5
151,2110,2.5
151,2133,3.5
151,2144,3.5
151,2268,3.0
151,2288,3.5
151,2334,2.5
151,2355,3.5
151,2383,0.5
151,2565,3.0
151,2605,3.0
151,2616,1.5
151,2617,2.0
151,2959,4.5
151,3019,4.0
151,3033,3.5
151,3034,4.0
151,3101,2.0
151,3981,2.0
151,4133,1.5
151,4248,1.5
151,4464,2.5
151,5902,4.0
151,6537,1.5
152,318,3.0
153,6,4.5
153,19,3.0
153,22,4.0
153,70,4.0
153,110,4.5
153,150,4.0
153,158,1.5
153,175,4.5
153,198,4.0
153,204,2.5
153,260,5.0
153,296,4.5
153,318,5.0
153,380,3.5
153,457,4.0
153,480,4.0
153,551,5.0
153,590,4.5
153,592,4.5
153,593,4.5
153,594,3.0
153,596,3.0
153,681,3.0
153,692,2.0
153,762,1.0
153,780,3.0
153,809,3.0
153,1250,4.5
153,1408,4.0
153,1544,2.0
153,1610,4.5
153,1665,3.0
153,1909,4.0
153,1979,3.0
153,1995,2.5
153,2001,4.5
153,2019,5.0
153,2294,3.5
153,2462,0.5
153,2567,3.0
153,2924,4.0
153,3489,3.0
153,4203,3.0
153,4254,0.5
153,6003,4.0
155,107,5.0
155,318,5.0
155,319,4.5
155,527,5.0
155,745,5.0
155,849,3.5
155,2109,4.0
155,2539,2.0
155,2959,4.0
155,4643,1.5
155,7980,3.5
156,17,4.0
156,25,5.0
156,58,5.0
156,62,3.0
156,80,4.0
156,141,3.0
156,608,4.0
156,647,4.0
156,994,5.0
157,14,3.0
157,19,1.0
157,110,3.0
157,111,4.0
157,145,3.0
157,153,3.0
157,158,1.0
157,160,1.0
157,163,3.0
157,165,1.0
157,169,1.0
157,173,1.0
157,185,1.0
157,186,1.0
157,194,3.0
157,204,1.0
157,207,3.0
157,231,1.0
157,235,4.0
157,253,2.0
157,260,3.0
157,266,3.0
157,280,3.0
157,288,3.0
157,289,1.0
157,293,1.0
157,306,4.0
157,307,4.0
157,308,4.0
157,315,1.0
157,329,1.0
157,344,1.0
157,350,1.0
157,364,1.0
157,381,1.0
157,431,3.0
157,454,1.0
157,468,1.0
157,480,4.0
157,500,1.0
157,508,3.0
157,509,4.0
157,527,4.0
157,539,1.0
157,551,3.0
157,553,3.0
157,587,3.0
157,588,1.0
157,590,2.0
157,592,3.0
157,593,5.0
157,595,1.0
157,597,2.0
158,110,5.0
158,141,3.0
158,150,5.0
158,160,3.0
158,161,5.0
158,165,4.0
158,168,4.0
158,318,5.0
158,364,4.0
158,377,4.0
158,457,5.0
158,480,5.0
158,500,4.0
158,527,5.0
158,539,4.0
158,595,3.0
158,597,4.0
158,648,4.0
158,780,4.0
158,848,3.0
158,957,3.0
158,1059,3.0
158,1092,5.0
158,1265,4.0
158,1372,3.0
158,1396,4.0
158,1562,3.0
158,1580,4.0
158,1721,3.0
158,1892,4.0
158,1923,4.0
158,2028,5.0
158,2268,5.0
158,2355,4.0
158,2687,4.0
158,3033,4.0
158,3114,5.0
158,3513,3.0
158,3525,5.0
158,3536,4.0
158,3594,4.0
158,3980,3.0
158,4148,4.0
158,4638,3.0
158,4995,5.0
159,260,5.0
159,332,3.0
159,673,2.0
159,3101,3.0
160,14,2.0
160,25,5.0
160,62,2.0
160,76,4.0
160,85,4.0
160,111,4.0
160,150,5.0
160,161,3.0
160,185,3.0
160,196,2.0
160,198,4.0
160,235,4.0
160,253,4.0
160,260,5.0
160,281,3.0
160,290,3.0
160,296,4.0
160,300,4.0
160,318,4.0
160,329,2.0
160,338,2.0
160,345,1.0
160,426,4.0
160,435,5.0
160,475,3.0
160,480,5.0
160,501,5.0
160,509,4.0
160,541,4.0
160,551,4.0
160,593,4.0
160,608,4.0
160,628,5.0
160,647,3.0
160,678,5.0
160,714,5.0
160,778,4.0
160,780,3.0
160,866,5.0
160,912,3.0
160,923,4.0
160,1023,4.0
160,1213,3.0
160,1255,1.0
160,1266,4.0
160,1267,4.0
160,1271,3.0
160,1372,2.0
160,1374,4.0
160,1391,1.0
160,1396,5.0
160,1544,4.0
160,1546,4.0
160,1580,5.0
160,1584,5.0
160,1594,5.0
160,1597,4.0
160,1653,4.0
160,1666,4.0
160,1694,4.0
160,1725,4.0
160,1779,3.0
160,1885,3.0
160,1909,5.0
160,1921,5.0
160,1965,3.0
160,1968,5.0
160,1997,4.0
160,2028,4.0
160,2034,1.0
160,2054,3.0
160,2064,4.0
160,2100,3.0
160,2105,4.0
160,2140,5.0
160,2161,5.0
160,2501,4.0
160,2640,3.0
160,2662,4.0
160,2959,5.0
160,3033,1.0
160,3114,5.0
160,3175,4.0
160,3536,3.0
161,70,1.0
161,150,3.5
161,215,3.5
161,231,3.5
161,858,5.0
161,1213,4.0
161,1265,4.0
161,1278,4.0
161,1552,1.5
161,2395,4.5
161,2502,4.0
161,2791,5.0
161,4816,1.5
161,5528,1.0
161,5902,4.5
161,5956,0.5
162,22,4.0
162,95,4.0
162,153,3.0
162,161,3.0
162,165,4.0
162,172,3.0
162,173,3.0
162,177,4.0
162,204,3.0
162,235,5.0
162,288,5.0
162,296,5.0
162,318,5.0
162,329,4.0
162,344,3.0
162,380,3.0
162,588,1.0
162,592,3.0
162,593,5.0
162,595,1.0
163,262,4.5
163,502,3.0
163,531,3.5
163,2085,3.5
164,260,4.0
164,592,3.0
164,780,4.0
164,858,5.0
164,1587,2.5
164,2788,4.0
164,8961,2.5
164,26736,2.5
164,55721,3.5
165,1586,3.0
165,1951,4.0
165,1961,5.0
165,4174,4.0
166,318,4.0
166,527,3.0
166,588,5.0
166,595,5.0
166,608,4.0
166,919,5.0
166,1073,5.0
166,2291,5.0
166,2321,4.0
166,3512,2.0
166,3594,2.0
166,4226,3.0
166,4232,4.0
166,4248,1.0
166,4816,3.0
166,5971,3.5
166,6537,2.0
166,6936,4.0
166,7451,5.0
166,8366,4.0
166,8645,3.0
166,8873,3.0
166,8874,4.0
166,8961,5.0
166,50601,3.0
166,56339,3.0
166,85414,3.0
167,147,2.5
167,175,5.0
167,207,3.5
167,296,4.5
167,531,4.5
167,1687,4.0
167,1892,2.0
167,1894,3.0
167,2124,2.0
167,3083,2.5
168,5,3.0
168,65,4.0
168,88,3.0
168,104,4.0
168,637,3.0
168,663,3.0
168,667,2.0
168,707,3.0
168,711,2.0
168,762,3.0
168,1073,3.0
169,196,3.0
169,232,4.0
169,546,4.5
169,898,4.5
169,1375,4.0
169,1779,4.5
169,2134,4.0
169,2300,4.0
170,260,5.0
170,277,3.5
170,318,5.0
170,541,5.0
170,551,5.0
170,586,3.0
170,593,4.5
170,608,5.0
170,745,4.0
170,858,4.0
170,912,5.0
170,922,2.0
170,953,5.0
170,1213,3.0
170,1252,3.0
170,2019,3.5
170,2959,4.5
170,3087,2.0
170,6936,2.0
170,8965,3.0
170,49013,1.0
171,261,4.0
171,277,4.5
171,562,3.5
171,1947,4.5
171,1958,5.0
171,2080,4.0
171,2605,3.5
172,342,2.0
172,1639,1.0
173,260,3.5
173,480,4.0
173,4011,4.0
173,4643,3.5
173,8665,4.5
173,8984,4.0
173,49530,4.0
173,85414,4.0
174,82,5.0
174,154,3.0
174,235,4.0
174,247,5.0
174,300,4.0
174,307,1.0
174,308,1.0
174,431,2.0
174,475,4.0
174,508,4.0
174,531,4.0
174,562,4.0
174,574,1.0
174,593,5.0
174,608,5.0
174,628,2.0
174,670,5.0
174,702,3.0
174,778,3.0
174,858,3.0
174,892,4.0
174,909,3.0
174,919,3.0
174,923,1.0
174,949,4.0
174,968,5.0
174,982,3.0
174,1213,3.0
174,1246,4.0
174,1247,3.0
174,1250,5.0
174,1251,5.0
174,1278,5.0
174,1280,5.0
174,1537,5.0
174,1542,5.0
174,1594,5.0
174,1678,2.0
174,1683,5.0
174,1913,5.0
174,1945,5.0
174,1949,5.0
174,1950,3.0
174,1956,3.0
174,1961,3.0
174,1997,5.0
174,2019,4.0
174,2020,5.0
174,2288,3.0
174,2575,5.0
174,2654,3.0
174,2925,5.0
174,2926,5.0
174,3093,5.0
174,3134,5.0
174,4970,5.0
175,74,3.0
175,480,5.0
175,1049,3.0
175,2140,3.0
175,2990,3.0
176,13,3.0
176,19,3.0
176,27,3.0
176,111,3.0
176,122,2.0
176,141,3.0
176,153,3.0
176,158,3.0
176,174,3.0
176,179,3.0
176,186,3.0
176,200,3.0
176,218,3.0
176,223,3.0
176,231,3.0
176,234,3.0
176,235,3.0
176,252,4.0
176,253,3.0
176,261,3.0
176,268,1.0
176,269,3.0
176,274,2.0
176,275,2.0
176,276,3.0
176,277,3.0
176,289,3.0
176,296,5.0
176,339,3.0
176,344,3.0
176,350,3.0
176,377,4.0
176,380,3.0
176,381,1.0
176,415,3.0
176,427,3.0
176,433,3.0
176,435,3.0
176,440,3.0
176,452,2.0
176,454,3.0
176,457,4.0
176,475,4.0
176,480,3.0
176,500,3.0
176,534,5.0
176,539,3.0
176,550,3.0
176,551,3.0
176,553,4.0
176,585,4.0
176,586,3.0
176,587,3.0
176,588,3.0
176,592,3.0
176,593,3.0
176,594,5.0
176,595,3.0
176,597,3.0
176,616,4.0
176,663,5.0
176,671,4.0
176,691,5.0
177,157,3.0
177,593,3.0
177,619,3.0
178,20,3.0
178,95,3.5
178,111,2.5
178,231,4.5
178,296,2.5
178,318,4.0
178,344,3.5
178,364,4.0
178,586,4.0
178,780,4.5
178,1580,4.5
178,1923,3.5
178,2153,3.5
178,2291,4.0
178,4011,4.5
178,8665,5.0
178,8961,4.5
178,77561,4.5
178,85414,4.5
179,5,3.0
179,6,5.0
179,17,5.0
179,58,5.0
179,62,2.0
179,140,3.0
179,141,5.0
179,260,5.0
179,608,5.0
179,628,4.0
179,648,1.0
179,762,1.0
179,780,3.0
179,788,4.0
179,838,5.0
179,858,5.0
179,1073,5.0
180,381,3.0
180,637,3.0
180,1620,4.5
180,1892,3.0
180,2728,4.0
181,24,5.0
181,173,3.0
181,185,3.0
181,196,3.0
181,364,4.0
181,504,3.0
181,546,2.0
181,596,3.0
181,673,3.0
181,780,3.0
181,788,3.0
181,1282,5.0
181,1544,4.0
181,1573,5.0
181,1580,3.0
181,1584,4.0
181,1653,4.0
181,1690,4.0
181,1779,4.0
181,2018,3.0
181,2028,5.0
181,2085,2.0
181,2355,3.0
181,2800,5.0
181,3114,5.0
181,3175,4.0
181,3763,3.0
182,20,3.0
182,169,4.0
182,1722,2.0
183,2124,3.5
184,17,5.0
184,260,4.0
184,608,5.0
184,778,5.0
184,858,5.0
184,866,3.0
184,1073,5.0
184,1407,5.0
185,81,3.0
185,153,1.0
185,165,3.0
185,293,2.0
185,296,3.0
185,380,3.0
185,457,2.0
185,482,4.0
185,592,3.0
185,593,2.0
185,778,3.0
185,782,3.0
185,800,5.0
185,849,3.0
186,215,4.0
186,364,5.0
186,711,2.0
186,1619,3.5
186,1907,5.0
186,1947,4.0
186,2014,3.5
186,2294,3.0
187,69,2.0
187,111,3.5
187,223,3.5
187,260,4.5
187,296,4.0
187,364,5.0
187,588,4.0
187,593,4.0
187,616,2.0
187,671,3.5
187,858,4.0
187,923,4.5
187,1265,3.5
187,1907,3.5
187,1968,2.5
187,2144,3.0
187,2359,3.0
187,2502,4.0
187,2687,3.5
187,2788,4.0
187,2959,3.5
187,4226,2.5
187,5971,4.0
188,16,3.0
188,150,2.0
188,153,4.0
188,161,4.0
188,165,4.0
188,185,4.0
188,288,4.0
188,296,5.0
188,329,5.0
188,339,3.0
188,377,4.0
188,380,4.0
188,457,4.0
188,480,3.0
188,592,4.0
188,593,5.0
188,648,2.0
188,778,5.0
188,780,4.0
188,786,5.0
189,261,4.5
189,277,4.0
189,524,4.5
189,802,2.0
189,1907,4.5
189,2501,4.5
190,527,4.0
190,1641,4.0
190,1961,4.0
190,2023,4.0
191,5,5.0
191,6,5.0
191,11,4.0
191,14,3.0
191,17,3.0
191,20,3.0
191,24,3.0
191,25,1.0
191,27,3.0
191,62,5.0
191,64,3.0
191,70,3.0
191,74,4.0
191,88,3.0
191,89,3.0
191,95,3.0
191,100,3.0
191,104,4.0
191,110,5.0
191,113,3.0
191,140,4.0
191,141,4.0
191,144,4.0
191,145,4.0
191,150,5.0
191,153,3.0
191,158,3.0
191,160,2.0
191,161,3.0
191,165,3.0
191,168,4.0
191,172,3.0
191,173,2.0
191,174,2.0
191,185,3.0
191,186,5.0
191,203,3.0
191,204,3.0
191,207,4.0
191,212,2.0
191,236,4.0
191,250,2.0
191,252,4.0
191,257,3.0
191,260,5.0
191,266,4.0
191,267,3.0
191,274,3.0
191,277,3.0
191,288,2.0
191,296,3.0
191,300,3.0
191,318,5.0
191,329,5.0
191,338,3.0
191,339,5.0
191,377,4.0
191,379,3.0
191,380,3.0
191,381,5.0
191,435,3.0
191,440,3.0
191,441,3.0
191,454,3.0
191,455,3.0
191,457,4.0
191,466,4.0
191,468,3.0
191,473,2.0
191,480,4.0
191,489,3.0
191,497,3.0
191,500,4.0
191,508,3.0
191,524,3.0
191,527,4.0
191,539,4.0
191,546,2.0
191,550,3.0
191,586,3.0
191,587,3.0
191,590,5.0
191,592,3.0
191,593,3.0
191,597,3.0
191,605,3.0
191,613,4.0
191,628,4.0
191,635,4.0
191,637,3.0
191,638,4.0
191,647,4.0
191,648,3.0
191,650,4.0
191,653,3.0
191,707,3.0
191,708,4.0
191,761,3.0
191,765,3.0
191,780,4.0
191,783,3.0
191,786,3.0
191,788,3.0
191,802,4.0
191,804,3.0
191,805,5.0
191,809,3.0
191,830,3.0
191,832,5.0
191,838,4.0
191,840,3.0
191,848,4.0
191,912,4.0
191,953,3.0
191,996,3.0
191,1049,4.0
191,1059,3.0
191,1090,4.0
191,1091,3.0
191,1092,3.0
191,1103,3.0
191,1246,4.0
191,1259,4.0
191,1265,3.0
191,1266,4.0
191,1271,3.0
191,1272,3.0
191,1367,4.0
191,1370,3.0
191,1371,3.0
191,1372,4.0
191,1374,5.0
191,1375,4.0
191,1396,4.0
191,1408,3.0
191,1485,4.0
192,11,4.0
192,25,3.0
192,141,3.0
192,150,5.0
192,165,4.0
192,236,3.0
192,300,4.0
192,339,5.0
192,350,4.0
192,364,5.0
192,377,4.0
192,380,4.0
192,440,5.0
192,457,4.0
192,480,4.0
192,500,3.0
192,508,3.0
192,527,5.0
192,539,4.0
192,588,3.0
192,593,5.0
192,595,5.0
192,597,4.0
193,6,5.0
193,16,5.0
193,17,2.0
193,22,3.0
193,24,3.0
193,25,1.0
193,69,3.0
193,70,2.0
193,73,4.0
193,79,4.0
193,95,4.0
193,100,2.0
193,104,5.0
193,105,2.0
193,110,5.0
193,111,3.0
193,122,4.0
193,144,3.0
193,145,5.0
193,147,3.0
193,150,5.0
193,158,3.0
193,161,5.0
193,165,4.0
193,168,4.0
193,170,3.0
193,180,4.0
193,185,3.0
193,186,2.0
193,196,3.0
193,198,3.0
193,200,3.0
193,203,3.0
193,204,3.0
193,215,5.0
193,223,4.0
193,227,4.0
193,231,3.0
193,235,1.0
193,240,2.0
193,246,3.0
193,253,4.0
193,257,3.0
193,261,3.0
193,266,4.0
193,276,4.0
193,277,4.0
193,280,5.0
193,293,3.0
193,296,4.0
193,300,1.0
193,318,5.0
193,329,3.0
193,330,2.0
193,339,4.0
193,344,3.0
193,350,3.0
193,364,5.0
193,377,4.0
193,379,3.0
193,380,4.0
193,408,4.0
193,423,4.0
193,431,5.0
193,436,3.0
193,440,4.0
193,454,3.0
193,457,5.0
193,459,3.0
193,466,3.0
193,475,5.0
193,480,5.0
193,490,4.0
193,507,4.0
193,508,4.0
193,512,4.0
193,524,4.0
193,539,4.0
193,548,2.0
193,553,5.0
193,585,2.0
193,586,2.0
193,587,4.0
193,588,3.0
193,590,4.0
193,593,5.0
193,597,5.0
193,605,4.0
193,608,3.0
193,627,4.0
193,647,4.0
193,648,4.0
193,653,5.0
193,662,3.0
193,780,5.0
193,782,3.0
193,786,3.0
193,802,4.0
193,805,5.0
193,832,4.0
193,861,3.0
193,923,2.0
193,1049,3.0
193,1059,4.0
193,1089,4.0
193,1092,3.0
193,1213,4.0
193,1265,4.0
193,1266,3.0
193,1268,3.0
193,1370,4.0
193,1372,3.0
193,1407,3.0
193,1408,5.0
193,1422,4.0
193,1429,3.0
193,1485,3.0
193,1541,4.0
193,1544,3.0
193,1552,5.0
193,1573,4.0
193,1580,3.0
193,1584,4.0
193,1586,4.0
193,1593,4.0
193,1597,5.0
193,1610,5.0
193,1620,4.0
193,1639,4.0
193,1641,3.0
193,1645,4.0
193,1647,4.0
193,1653,4.0
193,1672,4.0
193,1690,3.0
193,1721,5.0
193,1722,4.0
193,1735,4.0
193,1777,4.0
193,1792,4.0
193,1909,3.0
193,1911,3.0
193,1923,3.0
193,1961,5.0
193,2028,5.0
193,2058,5.0
193,2124,3.0
193,2268,5.0
193,2291,3.0
193,2334,5.0
193,2433,3.0
193,2605,5.0
194,150,3.0
194,204,1.0
194,296,3.0
194,318,1.0
194,380,5.0
194,527,3.0
194,590,5.0
194,592,4.0
194,593,3.0
195,2011,3.0
195,2016,5.0
196,5,4.0
196,12,1.0
196,62,5.0
196,74,3.0
196,141,3.0
196,608,4.0
196,628,5.0
196,640,3.0
196,648,3.0
196,694,4.0
196,708,3.0
196,765,5.0
196,780,2.0
196,891,2.0
196,1073,5.0
197,431,3.0
197,455,0.5
197,475,0.5
197,1059,0.5
198,19,1.0
198,110,5.0
198,150,5.0
198,153,3.0
198,160,2.0
198,161,5.0
198,165,3.0
198,172,1.0
198,173,3.0
198,185,4.0
198,186,3.0
198,196,2.0
198,204,2.0
198,236,3.0
198,252,3.0
198,293,3.0
198,300,2.0
198,315,3.0
198,318,3.0
198,329,2.0
198,339,4.0
198,344,3.0
198,380,4.0
198,553,4.0
198,590,3.0
198,592,1.0
199,11,4.0
199,1265,4.0
199,1580,2.0
200,17,4.0
200,293,4.0
200,838,4.0
200,1059,3.5
200,1653,4.0
200,1721,4.0
200,2134,2.5
200,2567,3.0
200,2657,3.5
200,2959,4.5
200,4248,1.0
200,4954,4.0
200,5991,4.0
200,6978,4.0
200,8874,4.0
201,11,3.0
201,16,4.0
201,19,3.5
201,25,4.0
201,62,3.5
201,79,3.0
201,104,4.0
201,105,2.5
201,110,4.5
201,111,5.0
201,150,4.5
201,161,4.5
201,165,3.0
201,185,3.0
201,223,4.5
201,231,4.0
201,246,3.0
201,288,4.0
201,296,5.0
201,300,3.0
201,318,5.0
201,344,4.5
201,364,5.0
201,377,3.0
201,380,4.0
201,435,2.0
201,440,2.5
201,454,3.5
201,457,4.5
201,466,1.0
201,480,5.0
201,500,4.5
201,508,4.5
201,524,4.5
201,527,5.0
201,539,4.0
201,585,3.5
201,586,3.0
201,587,3.5
201,590,3.5
201,592,4.0
201,593,5.0
201,595,3.0
201,597,4.0
201,608,5.0
201,628,3.5
201,648,4.0
201,762,2.0
201,788,4.0
201,832,4.0
201,858,5.0
201,903,4.0
201,919,4.5
201,923,4.0
201,953,5.0
201,1088,2.0
201,1089,4.5
201,1090,5.0
201,1092,4.0
201,1093,3.0
201,1213,5.0
201,1246,4.0
201,1247,5.0
201,1257,4.0
201,1259,4.5
201,1265,4.5
201,1266,3.0
201,1272,4.0
201,1278,4.5
201,1370,3.0
201,1394,4.5
201,1485,4.0
201,1573,3.0
201,1580,2.0
201,1610,5.0
201,1721,3.5
201,1777,3.5
201,1923,5.0
201,1954,5.0
201,1961,4.5
201,1968,5.0
201,1997,4.0
201,2000,4.0
201,2001,3.0
201,2011,2.5
201,2023,1.5
201,2028,5.0
201,2054,2.5
201,2064,4.5
201,2100,2.5
201,2108,3.5
201,2109,5.0
201,2114,3.5
201,2144,5.0
201,2268,4.5
201,2291,3.0
201,2294,3.5
201,2312,2.5
201,2355,4.0
201,2502,5.0
201,2616,1.0
201,2640,3.0
201,2657,3.5
201,2791,5.0
201,3019,3.5
201,3033,3.5
201,3035,4.0
201,3101,4.5
201,3114,3.5
201,3176,2.5
201,3543,4.0
201,4011,2.0
201,4226,3.0
201,4995,3.5
201,7012,4.5
201,8337,4.0
201,8961,4.0
201,8965,3.0
201,49530,4.5
202,163,3.5
202,173,0.5
202,783,3.0
202,805,3.5
202,3101,3.0
203,593,3.0
204,260,4.0
204,858,2.0
204,953,4.0
204,1954,2.0
204,3176,3.0
205,298,4.0
205,951,5.0
205,3101,1.0
206,296,5.0
206,527,5.0
206,593,5.0
206,858,5.0
206,2959,5.0
207,150,2.0
207,165,5.0
207,231,5.0
207,296,5.0
207,344,5.0
207,380,5.0
207,588,1.0
207,590,2.0
207,592,5.0
208,1483,4.0
208,1627,3.0
208,1833,3.0
209,910,5.0
209,1272,5.0
209,1278,5.0
209,1730,4.0
209,1997,5.0
209,4105,3.0
210,110,3.0
210,858,4.0
210,920,1.0
210,2619,2.0
210,2959,4.0
211,70,4.0
211,480,3.0
211,597,2.5
211,1259,4.0
211,1265,3.5
211,1777,4.5
211,1923,3.0
211,1961,3.5
211,2028,3.0
211,2321,3.5
211,2657,3.5
211,2959,4.5
211,4226,4.0
211,4995,3.5
211,56715,3.5
212,107,3.0
212,110,3.0
212,253,3.5
212,260,4.0
212,296,3.0
212,306,3.5
212,307,3.5
212,318,3.0
212,480,3.5
212,531,2.5
212,551,3.5
212,593,3.5
212,1073,3.5
212,1089,3.0
212,1272,1.0
212,2124,2.5
212,2291,3.0
212,2605,3.0
212,2617,3.5
212,2959,2.5
212,3088,3.5
212,3114,3.0
212,5971,3.0
212,6283,4.0
213,11,3.5
213,17,4.0
213,19,0.5
213,165,4.0
213,223,0.5
213,300,3.0
213,318,5.0
213,342,3.5
213,593,4.0
213,912,4.5
213,919,3.0
213,1265,3.5
213,1610,4.0
213,1641,4.0
213,1923,2.5
213,1961,3.5
213,2359,2.5
215,150,3.5
215,260,3.5
215,318,5.0
215,457,4.0
215,608,4.0
215,648,4.0
215,780,3.5
215,1247,3.5
215,1265,4.0
215,1610,4.0
215,1961,4.5
215,2028,3.5
215,7445,3.5
215,8665,4.5
215,8961,4.5
216,1947,0.5
216,5955,0.5
216,5991,0.5
216,6619,1.0
217,110,3.0
217,165,3.0
217,296,4.5
217,307,4.0
217,318,4.0
217,380,3.0
217,457,4.0
217,480,2.5
217,527,4.5
217,539,2.0
217,540,1.0
217,588,5.0
217,592,2.5
217,593,0.5
217,597,4.0
217,648,3.0
217,780,4.0
217,839,1.0
217,903,4.0
217,912,4.5
217,916,4.0
217,928,5.0
217,1265,4.5
217,1267,4.0
217,1689,2.0
217,2108,2.0
217,2176,3.5
217,2567,3.5
217,4226,4.5
217,8961,4.0
218,141,4.5
218,150,2.0
218,153,3.0
218,203,4.0
218,223,4.0
218,231,4.5
218,296,4.0
218,318,2.5
218,364,4.5
218,377,5.0
218,480,4.0
218,541,3.0
218,592,5.0
218,593,5.0
218,597,5.0
218,780,4.0
218,858,4.0
218,912,4.5
218,919,4.5
218,922,5.0
218,1073,4.0
218,1265,4.5
218,1267,5.0
218,1580,4.5
218,1584,5.0
218,1968,4.5
218,2108,4.5
218,2959,5.0
218,3087,4.5
218,3114,5.0
218,4226,4.0
219,186,4.0
219,1246,3.5
219,1250,2.0
219,1407,2.0
219,1485,3.0
219,1777,2.0
219,2502,4.0
219,4995,1.5
220,480,3.0
220,910,5.0
220,1247,4.0
220,2005,5.0
220,3101,1.0
221,247,4.5
221,303,5.0
221,531,2.5
221,671,4.0
221,830,5.0
221,2501,3.5
222,260,1.5
222,318,3.5
222,377,3.0
222,380,4.0
222,457,4.0
222,527,5.0
222,588,3.5
222,590,3.0
222,593,4.0
222,595,4.0
222,780,2.0
222,783,5.0
222,912,0.5
222,1265,2.5
222,1580,3.0
222,1907,4.0
222,1968,3.0
222,2000,4.0
222,2001,4.0
222,2005,4.0
222,2161,2.5
222,2268,3.0
222,3114,3.5
222,7445,3.0
222,8665,4.0
222,49530,3.5
222,77561,0.5
223,107,2.0
223,272,3.0
223,965,2.5
223,1367,2.0
223,1378,1.5
223,1907,2.0
223,2501,3.0
223,3082,3.5
224,110,4.0
224,150,4.0
224,153,3.0
224,161,3.0
224,165,3.0
224,185,3.0
224,231,1.0
224,253,3.0
224,288,3.0
224,296,3.0
224,329,2.0
224,339,5.0
224,344,3.0
224,380,3.0
224,457,5.0
224,588,4.0
224,590,4.0
224,592,4.0
224,593,5.0
224,595,4.0
225,11,5.0
225,15,3.0
225,19,2.0
225,24,3.0
225,62,5.0
225,68,4.0
225,74,4.0
225,95,5.0
225,110,4.0
225,141,5.0
225,150,4.0
225,153,4.0
225,161,5.0
225,165,5.0
225,173,3.0
225,185,5.0
225,204,4.0
225,231,1.0
225,236,4.0
225,252,3.0
225,260,5.0
225,296,3.0
225,300,4.0
225,318,5.0
225,329,5.0
225,339,5.0
225,344,2.0
225,350,5.0
225,364,4.0
225,377,5.0
225,378,5.0
225,380,5.0
225,440,5.0
225,457,5.0
225,480,5.0
225,500,4.0
225,508,5.0
225,527,5.0
225,539,5.0
225,587,4.0
225,588,3.0
225,590,3.0
225,592,3.0
225,593,4.0
225,595,3.0
225,597,4.0
225,648,5.0
225,780,5.0
225,783,4.0
225,786,5.0
225,802,4.0
225,1485,4.0
226,1250,4.0
226,1645,4.0
227,105,4.0
227,110,5.0
227,153,3.0
227,165,4.0
227,173,2.0
227,204,3.0
227,235,5.0
227,253,3.0
227,288,4.0
227,293,5.0
227,344,3.0
227,377,5.0
227,380,4.0
227,457,5.0
227,480,5.0
227,500,4.0
227,509,4.0
227,527,4.0
227,539,3.0
227,586,3.0
227,587,5.0
227,588,4.0
227,590,4.0
227,592,3.0
227,595,4.0
227,648,3.0
228,158,4.0
228,260,5.0
228,480,5.0
228,780,5.0
228,1372,4.0
228,1374,5.0
228,1391,3.0
228,1573,4.0
228,1580,5.0
228,1584,5.0
228,1592,3.0
228,2011,5.0
228,2640,3.0
228,2657,4.0
228,2662,4.0
228,3101,4.0
230,6,3.0
230,63,2.0
230,69,2.0
230,101,3.0
230,104,3.5
230,111,4.5
230,141,3.5
230,145,1.5
230,153,2.0
230,163,3.0
230,180,4.0
230,223,4.0
230,231,3.0
230,235,4.5
230,253,4.0
230,288,3.5
230,293,3.5
230,296,4.5
230,322,4.0
230,344,2.5
230,377,2.5
230,380,0.5
230,441,2.5
230,455,3.0
230,466,0.5
230,470,1.0
230,480,3.5
230,500,3.0
230,527,4.0
230,586,2.5
230,587,2.5
230,588,2.5
230,593,4.5
230,595,2.5
230,597,2.5
230,608,4.0
230,662,3.0
230,778,4.5
230,780,2.0
230,788,2.5
230,837,3.5
230,851,4.5
230,858,4.0
230,900,2.5
230,912,5.0
230,919,3.0
230,951,4.0
230,1059,3.0
230,1213,4.0
230,1259,4.0
230,1265,3.5
230,1283,4.0
230,1366,3.5
230,1391,1.5
230,1499,1.5
230,1562,2.5
230,1573,0.5
230,1594,4.0
230,1653,4.0
230,1688,3.5
230,1701,4.0
230,1721,3.5
230,1777,3.5
230,1907,3.0
230,2000,2.5
230,2018,3.5
230,2028,3.5
230,2054,3.0
230,2085,2.5
230,2134,3.0
230,2144,3.0
230,2161,2.5
230,2290,4.0
230,2291,3.5
230,2355,2.5
230,2502,4.0
230,2617,3.0
230,2657,3.5
230,2959,4.5
230,3082,1.0
230,3114,2.5
230,3134,4.0
230,6537,0.5
230,6936,4.0
230,6947,3.5
230,6957,3.5
230,7090,3.5
230,7303,3.5
230,7445,3.5
230,8848,4.5
230,8874,4.0
231,16,3.5
231,70,3.5
231,95,3.0
231,104,2.5
231,105,3.0
231,110,5.0
231,111,3.0
231,141,2.5
231,145,3.0
231,150,3.5
231,160,2.5
231,165,3.5
231,168,3.0
231,173,2.5
231,185,3.0
231,194,4.0
231,196,2.5
231,198,3.5
231,223,4.0
231,227,2.5
231,231,2.5
231,232,4.0
231,235,2.0
231,247,3.0
231,253,4.0
231,260,5.0
231,288,2.5
231,290,5.0
231,293,4.5
231,296,4.5
231,300,4.0
231,318,5.0
231,319,3.0
231,329,3.0
231,344,2.5
231,364,3.0
231,377,2.5
231,379,2.5
231,380,3.0
231,440,2.5
231,454,3.0
231,457,3.0
231,466,3.0
231,475,3.0
231,480,4.0
231,500,2.5
231,507,4.0
231,508,2.5
231,509,4.0
231,527,5.0
231,541,4.5
231,551,3.5
231,553,3.0
231,586,2.0
231,587,2.5
231,588,2.5
231,590,4.5
231,593,4.0
231,597,3.0
231,608,3.5
231,647,2.5
231,648,4.0
231,653,4.0
231,673,2.0
231,678,3.5
231,708,3.5
231,745,4.0
231,760,3.5
231,762,2.0
231,778,3.0
231,780,4.0
231,783,2.5
231,786,3.0
231,788,2.5
231,800,2.5
231,832,3.0
231,849,2.5
231,858,4.5
231,1059,2.5
231,1090,3.5
231,1092,3.5
231,1213,3.0
231,1246,4.0
231,1249,5.0
231,1250,3.0
231,1255,3.0
231,1259,5.0
231,1265,3.0
231,1266,4.0
231,1271,3.0
231,1367,2.0
231,1370,4.0
231,1391,3.0
231,1396,3.0
231,1407,4.0
231,1408,4.5
231,1485,3.0
231,1544,3.0
231,1552,3.5
231,1573,3.0
231,1580,4.0
231,1584,3.0
231,1586,2.5
231,1587,4.5
231,1610,3.5
231,1619,3.5
231,1635,3.0
231,1639,4.0
231,1641,3.5
231,1653,3.5
231,1690,3.0
231,1721,3.5
231,1722,3.0
231,1726,3.0
231,1729,4.0
231,1777,2.5
231,1779,3.0
231,1909,3.0
231,1911,2.5
231,1923,3.5
231,1954,3.5
231,1961,4.0
231,1968,4.0
231,2000,3.5
231,2001,3.0
231,2005,4.0
231,2011,3.0
231,2019,4.0
231,2023,3.0
231,2028,5.0
231,2054,2.5
231,2058,4.0
231,2100,2.0
231,2161,3.0
231,2268,2.5
231,2288,4.5
231,2291,3.0
231,2294,2.5
231,2355,3.0
231,2359,3.5
231,2539,2.5
231,2617,4.0
231,2640,4.0
231,2671,2.5
231,2770,2.5
231,2791,2.5
231,2959,4.0
231,3033,2.5
231,3082,3.0
231,3175,2.0
231,3176,3.5
231,3489,2.0
231,3638,3.0
231,3981,2.5
231,4011,4.0
231,4148,3.0
231,4226,4.5
231,4251,2.5
231,4327,4.0
231,4638,2.5
231,4643,3.0
231,4816,2.0
231,4967,2.0
231,4995,4.0
231,5528,3.0
231,5902,3.0
231,5956,3.5
231,6537,3.0
231,6620,2.5
231,6947,3.0
231,6957,2.5
231,7980,4.0
231,8665,3.5
231,8810,3.0
231,8873,2.0
231,8874,3.0
231,8961,3.0
231,8984,3.0
231,39414,3.0
231,49530,3.0
231,71254,3.0
231,74944,3.0
231,77561,3.0
231,77866,3.5
231,85414,3.0
231,89492,3.5
232,123,3.0
232,527,3.0
232,590,3.0
232,895,2.0
232,1059,3.0
232,1266,5.0
232,1282,4.0
232,1283,4.0
232,1367,3.0
232,1945,4.0
232,2023,4.0
232,2085,4.0
232,2134,1.0
232,3089,4.0
232,4327,4.0
232,4710,2.0
233,903,2.0
233,968,2.5
233,1945,4.0
233,1947,3.5
233,2018,2.5
233,2140,1.5
233,2565,3.0
234,223,3.0
234,260,2.5
234,296,4.0
234,318,3.5
234,364,4.0
234,541,3.5
234,588,3.5
234,608,4.0
234,745,3.5
234,778,4.5
234,919,4.0
234,1073,3.5
234,1265,3.5
234,1394,4.0
234,1721,4.0
234,1729,4.0
234,2028,3.5
234,2291,4.0
234,2565,3.0
234,2788,4.0
234,2959,4.0
234,7090,4.0
234,7451,5.0
234,8665,4.0
234,8874,4.0
234,8961,4.0
235,70,5.0
235,111,4.5
235,165,3.0
235,180,4.5
235,223,5.0
235,247,5.0
235,253,5.0
235,260,5.0
235,288,4.0
235,296,5.0
235,319,3.5
235,344,1.0
235,377,2.0
235,380,3.5
235,441,5.0
235,480,1.5
235,541,5.0
235,586,2.0
235,587,1.0
235,592,3.5
235,593,4.0
235,597,3.0
235,608,5.0
235,708,3.5
235,745,5.0
235,778,5.0
235,780,2.5
235,858,5.0
235,903,4.0
235,919,4.5
235,953,4.0
235,1089,4.5
235,1213,5.0
235,1245,4.5
235,1250,4.0
235,1259,3.0
235,1266,5.0
235,1282,4.0
235,1370,4.5
235,1391,4.0
235,1485,2.0
235,1544,1.0
235,1580,3.0
235,1587,2.5
235,1635,5.0
235,1639,3.5
235,1923,1.0
235,1968,5.0
235,2011,4.0
235,2023,3.0
235,2054,2.0
235,2140,2.5
235,2291,5.0
235,2321,4.5
235,2395,5.0
235,2617,2.0
235,2640,5.0
235,2959,5.0
235,3033,3.0
235,3176,4.0
235,4024,4.0
235,4226,4.0
235,5902,2.0
235,5956,4.5
235,6440,5.0
235,6537,2.0
235,6620,4.5
235,6978,4.5
235,8961,3.0
235,8984,1.5
236,11,4.0
236,22,3.0
236,25,4.0
236,81,4.0
236,110,5.0
236,175,3.0
236,180,2.0
236,223,5.0
236,246,5.0
236,288,3.0
236,293,2.0
236,296,5.0
236,318,5.0
236,322,4.0
236,377,4.0
236,431,4.0
236,440,3.0
236,441,5.0
236,480,4.0
236,527,5.0
236,541,4.0
236,551,5.0
236,562,4.0
236,593,5.0
236,608,5.0
236,635,3.0
236,858,5.0
236,912,5.0
236,1073,5.0
236,1089,5.0
236,1213,5.0
236,1246,4.0
236,1257,4.0
236,1265,3.0
236,1394,5.0
236,1396,5.0
236,1580,4.0
236,1584,5.0
236,1639,4.0
236,1641,4.0
236,1653,5.0
236,1721,4.0
236,1729,4.0
236,1923,4.0
236,1957,4.0
236,1968,4.0
236,2000,4.0
236,2001,4.0
236,2005,4.0
236,2023,2.0
236,2028,5.0
236,2114,4.0
236,2118,3.0
236,2321,4.0
236,2359,5.0
236,2395,4.0
236,2501,5.0
236,2791,4.0
236,2959,4.0
236,3019,3.0
236,3101,4.0
236,4011,5.0
236,4148,1.0
236,4226,5.0
236,4995,5.0
236,5528,3.0
237,593,4.0
237,2959,4.0
238,318,5.0
239,1909,4.0
240,19,1.5
240,173,3.0
240,594,3.0
240,1259,3.5
240,1968,4.0
240,2355,2.5
241,260,5.0
241,329,5.0
241,1371,5.0
241,1372,4.0
241,1374,4.0
241,1375,4.0
241,2011,4.0
241,2054,4.0
242,1537,3.5
242,2959,5.0
242,8961,3.0
242,77561,4.0
243,1537,3.5
244,303,4.0
244,531,4.0
244,2108,4.0
244,2140,4.5
244,2605,4.5
245,17,4.5
245,260,4.0
245,344,4.5
245,500,3.5
245,648,4.0
245,837,4.5
245,912,4.0
245,1721,5.0
245,2144,4.0
245,2959,4.0
246,232,4.5
246,296,3.5
246,342,4.0
246,345,3.5
246,500,3.5
246,531,3.0
246,539,3.5
246,914,3.0
246,1249,4.0
246,1265,4.0
246,1282,3.0
246,1391,3.0
246,1690,3.0
246,1968,3.0
246,2020,3.5
246,3175,3.5
246,8874,4.0
247,260,4.5
247,318,4.0
247,364,4.0
247,586,4.0
247,593,4.0
247,858,4.0
247,1721,5.0
247,1722,3.5
247,2959,4.0
247,4226,4.0
247,4643,4.0
247,4995,4.0
248,25,5.0
248,62,3.0
248,141,3.0
248,260,5.0
248,296,3.0
248,590,5.0
248,593,5.0
248,608,5.0
248,628,4.0
248,637,1.0
248,708,5.0
248,780,1.0
248,788,3.0
248,802,4.0
248,837,3.0
249,318,4.5
249,527,2.5
249,858,4.5
249,2383,2.0
249,4226,4.0
249,8866,3.0
250,5,3.0
250,11,4.0
250,38,3.0
250,110,4.0
250,141,5.0
250,150,3.0
250,218,4.0
250,260,5.0
250,276,3.0
250,318,3.0
250,377,4.0
250,380,3.0
250,437,3.0
250,440,4.0
250,454,4.0
250,466,3.0
250,489,3.0
250,500,3.0
250,524,4.0
250,539,4.0
250,586,5.0
250,587,4.0
250,588,5.0
250,590,4.0
250,592,4.0
250,597,4.0
250,858,4.0
250,912,4.0
250,953,5.0
250,1073,4.0
250,1092,4.0
250,1125,4.0
250,1265,3.0
250,1396,4.0
250,1642,4.0
250,1777,4.0
250,1923,4.0
250,1954,5.0
250,1956,3.0
250,2011,4.0
250,2016,4.0
250,2028,5.0
250,2054,4.0
250,2064,4.0
250,2108,3.0
250,2133,4.0
250,2335,4.0
250,2791,4.0
250,2798,2.0
250,3033,4.0
250,4291,5.0
251,49026,5.0
251,155,5.0
251,562,5.0
251,13,3.5
251,27205,4.5
251,313369,1.5
251,209112,5.0
251,280690,1.0
251,138832,4.0
251,1726,4.0
251,99861,4.5
251,283995,3.5
251,118340,4.0
251,321528,2.0
251,550,4.5
251,272,5.0
251,2105,2.0
251,45612,4.5
251,620,4.5
251,2978,3.5
251,76493,4.5
251,72105,3.0
